species,i,hv_size_Wet,hv_size_Dry,size_rat,jaccard,sorensen,uniq_Wet,uniq_Dry,dist_cent
Bay anchovy,1,3.2664161104320066,39.573062180315056,12.115131949640439,0.07424345022189743,0.13822462721380632,0.09358288770053481,0.9251830589986791,1.6936224276794003
Mojarra,1,0.09093468591536252,18.070267896685017,198.71699907232232,0,0,1,1,3.760161022882179
Pigfish,1,1.224968065064364,25.136891067282892,20.520446029719245,0,0,1,1,2.818511672197654
Pinfish,1,3.088967671170775,15.050243534897621,4.872256733329069,0,0,1,1,3.4001962924557754
Pink shrimp,1,0.9620671551556231,26.570157245507172,27.617778138584523,0,0,1,1,3.996600588700802
Rainwater killifish,1,6.323761883747828,33.513580869282535,5.29962726069952,0.08790383672073619,0.1616022184197904,0.4909831297265852,0.9039523262233677,1.556223447102376
Silver perch,1,43.98561141215366,40.615704567906384,0.9233861543341845,0.31735432320374124,0.4818055668302679,0.5366509218387646,0.49820659971305586,1.1030454839638548
Bay anchovy,2,3.2722326875573184,41.11283611593948,12.56415421564342,0.040012733326072476,0.07694662198626637,0.4781420765027322,0.9584645401082779,1.7125760256000107
Mojarra,2,0.10429927972805217,17.659492317298856,169.31557306382038,0,0,1,1,3.5498826730693684
Pigfish,2,1.1679150541574272,44.53701919092904,38.133782959976934,0,0,1,1,3.0668930787087527
Pinfish,2,1.4374446465059896,16.67749425268277,11.60218189494873,0,0,1,1,3.4167805738585075
Pink shrimp,2,0.9887593924666404,38.225707271460394,38.66027221860255,0,0,1,1,3.9809337076262836
Rainwater killifish,2,7.127091048264485,38.34491789048251,5.380163888858958,0.0736338692685523,0.13716756033175023,0.5624242424242424,0.9186686936281117,1.617399395318855
Silver perch,2,52.55751108507678,24.253885479094563,0.46147325050902627,0.2548450974858218,0.4061777792277683,0.7031910203537278,0.3568230025925053,1.2285170668843268
Bay anchovy,3,2.247610742975224,21.563814047303683,9.594105258083555,0.07109987049425853,0.13276048751915082,0.29676071055381403,0.9267008990907549,1.5129100775914295
Mojarra,3,0.12106842864132877,19.095449094906563,157.72443162269644,0,0,1,1,3.694917846521583
Pigfish,3,1.1533220400450417,32.03778727643217,27.77870027974231,0,0,1,1,2.773788796889363
Pinfish,3,1.7222292386924418,21.009565203588387,12.199052676366914,0,0,1,1,3.3190774935067378
Pink shrimp,3,0.6862639218238282,36.07995325639547,52.574457302824094,0,0,1,1,3.9166502790710696
Rainwater killifish,3,7.4215753834723,30.099096469928206,4.055620931501726,0.08313971308990699,0.15351613847253684,0.6119402985074626,0.9043155886492465,1.4888445882476882
Silver perch,3,36.529337073050556,22.895797303441267,0.6267783414096665,0.2397532088291469,0.3867757020053623,0.6854008324970786,0.4980694980694981,1.293880276719258
Bay anchovy,4,2.9352104188702244,41.09348198012934,14.000182649919322,0.05012900463202179,0.09547208849752248,0.2839506172839506,0.9488542827889338,1.8510238449974101
Mojarra,4,0.06913098920167678,20.758601228786148,300.2792447859642,0,0,1,1,3.523791368579334
Pigfish,4,0.8051931824869543,36.66568441992502,45.53650629117079,0,0,1,1,2.9055835580027045
Pinfish,4,1.3430908130475223,20.47007326212683,15.241019492702423,0,0,1,1,3.4486469466255216
Pink shrimp,4,0.7630564863966651,27.673308870390212,36.26639621539708,0,0,1,1,3.89085850623648
Rainwater killifish,4,5.992136274804664,34.37942214634601,5.73742327772189,0.04422768042192866,0.084708883419099,0.7146401985111663,0.9502634218052431,1.8605148786868595
Silver perch,4,24.83068938912659,28.892050653019485,1.1635621629446733,0.25219022436987826,0.40279858357269055,0.5642601126472094,0.6255121546320773,1.3390395966771886
Bay anchovy,5,3.403715375002529,23.678174442225302,6.956567113725749,0.027538676558083112,0.05360124574644456,0.7867590454195534,0.9693468127174812,1.9633312602388282
Mojarra,5,0.12564596751705714,19.727102261383582,157.00545470116674,0,0,1,1,3.6163403902577844
Pigfish,5,0.9261605211217535,45.89952562772378,49.558931287775984,0,0,1,1,2.9860871752187
Pinfish,5,1.7964357203904915,24.93979521469426,13.882932148150056,0,0,1,1,3.3593782577381526
Pink shrimp,5,0.9873943426122637,24.090139126583075,24.397688022852027,0,0,1,1,4.030814404374528
Rainwater killifish,5,6.513119473154253,36.52661399381962,5.608159675924088,0.09426192847548616,0.17228403186211705,0.4307598039215686,0.8984978622270353,1.5158750191993438
Silver perch,5,49.81623409542443,31.443643940631112,0.6311927128092403,0.26573991452171847,0.41989655453369,0.6575339000554685,0.4574302063464539,1.3184868937990935
Bay anchovy,6,3.401339409333151,43.88456505355302,12.902142295219164,0.06308717771631263,0.11868674373786416,0.1750000000000001,0.9360571305816631,1.7362003470641998
Mojarra,6,0.11480906268831238,16.679496966681278,145.28031651964056,0,0,1,1,3.80954771882986
Pigfish,6,1.0752997107346094,43.31590026262588,40.282629884680134,0,0,1,1,2.819504147210994
Pinfish,6,2.1735437122432826,15.305522563638597,7.0417367166000044,0,0,1,1,3.2937559132600778
Pink shrimp,6,0.589680645314706,40.75349889936579,69.11113536313559,0,0,1,1,3.9774222061598543
Rainwater killifish,6,6.226525998976271,24.7804463345809,3.9798189774932533,0.045082480795826746,0.08627545026206274,0.7851819377466023,0.946023157468156,1.8236536028696468
Silver perch,6,34.38398977885994,23.18472871832036,0.6742884949487409,0.23703401900237658,0.3832295884530904,0.679181554564525,0.5242118947026324,1.345380670890558
Bay anchovy,7,4.918500941989875,37.11329340020508,7.545651375882461,0.0971678748874809,0.17712489968309703,0.24317617866004956,0.8997006641787184,1.7032516430012437
Mojarra,7,0.09977318183777999,17.16052261898833,171.99534286567524,0,0,1,1,3.6824235713808107
Pigfish,7,0.627593232187065,40.270961955873325,64.16729800532627,0,0,1,1,2.7705328106289917
Pinfish,7,1.317996523108484,23.680218861273534,17.9668295371705,0,0,1,1,3.417711673068381
Pink shrimp,7,0.6099609332308967,35.681610994434415,58.49819070449775,0,0,1,1,3.948101310690108
Rainwater killifish,7,8.286836949866416,27.778634623548694,3.3521396392379224,0.14329860751862852,0.2506757317401765,0.454512105649303,0.8372717269992045,1.5116292345300557
Silver perch,7,30.073771578141603,41.571986916380474,1.3823336660106866,0.1989968647443178,0.3319389242719217,0.6046053628238146,0.71396584855141,1.4955677997644006
Bay anchovy,8,2.904030299319346,30.14421816478399,10.380132112206015,0.08335202654797084,0.15387800918888114,0.12442396313364057,0.9156488542340643,1.5880191969715123
Mojarra,8,0.09203211285489178,19.78025848081139,214.92778843401302,0,0,1,1,3.4793322528412363
Pigfish,8,0.5223676451225926,46.04032994234481,88.13779025601742,0,0,1,1,3.0377805474718214
Pinfish,8,1.8458064614155192,18.100295127284628,9.806171722578002,0,0,1,1,3.4112674241637246
Pink shrimp,8,0.9969290303076721,42.2630664202387,42.39325482095298,0,0,1,1,4.020126579852359
Rainwater killifish,8,7.038853705013136,48.85146982231584,6.940259290731299,0.09410439470503223,0.172020869599747,0.31705484598046585,0.9015965938143542,1.57382345151748
Silver perch,8,24.304539056613162,30.48482762180987,1.2542853641783047,0.31284177175154376,0.47658716912116855,0.4628182599474896,0.571722866746178,1.1268819146675415
Bay anchovy,9,3.02684590753312,46.12060056988502,15.237181534448617,0.05663962165455413,0.1072070751347828,0.12962962962962965,0.9428785193375419,1.7355867642386218
Mojarra,9,0.11751305070767039,22.440626241249998,190.96284290222445,0,0,1,1,3.4942481324451964
Pigfish,9,0.9545310452030507,45.67555182064646,47.851300437200784,0,0,1,1,3.0234991428513456
Pinfish,9,2.3054704971574056,20.227385694835984,8.773647600251621,0,0,1,1,3.366243492244579
Pink shrimp,9,0.6338158229982753,46.744643371102526,73.75114611367114,0,0,1,1,3.9410298001011803
Rainwater killifish,9,4.174708280929944,22.350007004808347,5.353669166993804,0.04766668325162077,0.09099589404461865,0.7109210968428358,0.9460035922766052,1.5940898317366368
Silver perch,9,17.98531199182982,33.52451503216923,1.863994077355922,0.18123518434593786,0.3068570708826112,0.5605815831987075,0.7642597569705758,1.5500883028643366
Bay anchovy,10,3.7045692891170563,20.90862795594569,5.644010497352321,0.04266812172320463,0.08184410903958118,0.7281134401972873,0.9518274177678695,1.699246532333931
Mojarra,10,0.1261318157438537,20.785848230399246,164.79464842249465,0,0,1,1,3.599642729043934
Pigfish,10,1.3383609152222204,48.13660489654845,35.96683401992196,0,0,1,1,2.781484516578451
Pinfish,10,2.1536697810002026,17.638466161440938,8.18995851501864,0,0,1,1,3.4676229869366813
Pink shrimp,10,0.8088469479714406,35.53766441022407,43.93620387559261,0,0,1,1,4.016775501096581
Rainwater killifish,10,5.802822254595221,38.69317446965065,6.667992361649497,0.0741169568267046,0.13800537521662543,0.47088791848617173,0.9206489670628628,1.6503326059238839
Silver perch,10,67.00328197552179,24.171443671698803,0.36075014475454087,0.15125952868741552,0.26277225059734516,0.821216310981093,0.5044113173106175,1.5247079398890389
Bay anchovy,11,2.722059024569295,48.01853790993952,17.64052045768456,0.03502376145132725,0.06767721236122418,0.36923076923076925,0.9642431620834376,1.6266069708220914
Mojarra,11,0.1505123473639419,19.391916191059384,128.83937119238024,0,0,1,1,3.5551518922254473
Pigfish,11,0.7662086304407253,55.66075025727561,72.64437914939616,0,0,1,1,2.8435527782939483
Pinfish,11,2.458511178802151,23.790825673330065,9.67692393610411,0,0,1,1,3.380896521222322
Pink shrimp,11,0.9335418157820655,23.925078200473585,25.628287663183663,0,0,1,1,3.791321942283355
Rainwater killifish,11,5.897577704792545,45.569103218933975,7.7267490993638255,0.05102409436054905,0.09709405261844638,0.5763422818791947,0.9451699915873175,1.774087974937161
Silver perch,11,30.66600174892931,28.957568579656126,0.9442890148099325,0.3331566660881036,0.4998012230110793,0.5141209862554946,0.48545518784595454,0.9830429820742721
Bay anchovy,12,2.9414478013428216,28.2904353871169,9.61786076033776,0.08085372293586862,0.14961085153363715,0.20572640509013787,0.9174168128753437,1.6404268311705437
Mojarra,12,0.12124412291674261,14.093453305757935,116.24030069841652,0,0,1,1,3.5689001613408893
Pigfish,12,1.4100917048360748,45.62635694657661,32.35701393753021,0,0,1,1,3.017120204801564
Pinfish,12,2.920996796648294,14.14578500187084,4.842793740172006,0,0,1,1,3.3132726569945428
Pink shrimp,12,0.9806841720104805,33.770705317036075,34.435862514027775,0,0,1,1,3.913728055105348
Rainwater killifish,12,4.477037367658913,27.1373324008871,6.061448715376141,0.07096564889999332,0.13252647080302402,0.5320855614973262,0.922804850709087,1.651929417666752
Silver perch,12,43.19246716268402,35.83906581400972,0.8297526899545289,0.2617426146702726,0.41489066252814644,0.6204263471010537,0.5425460411345612,1.2486259214574655
Bay anchovy,13,2.213879528928365,26.90013181456131,12.150675528212865,0.05310211621725822,0.1008489402870084,0.33688415446071907,0.9454255984369281,1.8156177508018514
Mojarra,13,0.12148575737672443,15.760436080673633,129.73073075390144,0,0,1,1,3.7133120387587737
Pigfish,13,1.0564677352473093,24.016772306562984,22.73308640224671,0,0,1,1,2.9839327004418674
Pinfish,13,1.638548004386774,12.502952707599059,7.630507421281371,0,0,1,1,3.3888976076313866
Pink shrimp,13,0.6792161006475137,49.54939731479178,72.95085800756947,0,0,1,1,3.9211872894535533
Rainwater killifish,13,6.485106786742514,34.829551542427794,5.370698230232654,0.048898451311451076,0.09323772239402722,0.7030053034767236,0.9447009152643434,1.788043732371409
Silver perch,13,37.79154922891489,32.50022199973097,0.8599864959985434,0.1901721993230533,0.3195708981124236,0.7028012224983828,0.6544145996658527,1.5817396563474653
Bay anchovy,14,2.950567205211872,31.631752739161023,10.720566772140218,0.05878128462691646,0.1110357454941778,0.3492990654205608,0.9393034950101303,1.7035233055241021
Mojarra,14,0.09579916641089872,16.205933625681972,169.16570605815085,0,0,1,1,3.506962339231746
Pigfish,14,0.9091900225120787,32.19074769897614,35.40596234221046,0,0,1,1,2.9181069540491995
Pinfish,14,2.309288086130505,12.003945060088869,5.198115008770062,0,0,1,1,3.4834687952149044
Pink shrimp,14,0.8673935101866198,22.151520327988642,25.538028666161843,0,0,1,1,3.951919537602655
Rainwater killifish,14,5.067086674694866,46.69935333156838,9.216213641022938,0.05977384472382328,0.11280490648342113,0.4237804878048781,0.937477630766905,1.6557202342422128
Silver perch,14,34.780839061728955,32.9308353681982,0.9468096876487836,0.23517265870212453,0.3807931742097264,0.6293340797289869,0.6085106382978723,1.2599999155205903
Bay anchovy,15,3.1104104547117988,22.85217012119616,7.346995020087654,0.07762974538205111,0.144074986264469,0.39870340356564016,0.9181574786983882,1.8684777107731958
Mojarra,15,0.12055025260004028,17.179073996828436,142.5054997920651,0,0,1,1,3.646960754951058
Pigfish,15,0.7230635936183026,35.75222614906344,49.445479574147456,0,0,1,1,2.802234590491918
Pinfish,15,2.7343112702555232,15.888917436867183,5.810939526055625,0,0,1,1,3.503438556997054
Pink shrimp,15,0.7355328648622144,30.326675440986534,41.230891085563606,0,0,1,1,4.181528622968092
Rainwater killifish,15,6.995602794372913,26.08367621642204,3.728581650948378,0.10006165457153669,0.1819200844892821,0.569888013272501,0.884644611009632,1.7411977978853184
Silver perch,15,34.27217192572423,33.77007428747315,0.9853496988945071,0.23736123961709688,0.38365714395668093,0.6191532023834384,0.6134907251264755,1.463974683588559
Bay anchovy,16,1.9985633562176344,32.29437189440677,16.158793162066793,0.030731068682952403,0.05962965436216054,0.4884135472370766,0.9683400580951871,1.6623077099075723
Mojarra,16,0.11507762549529796,14.09199882799053,122.45646160440046,0,0,1,1,3.645052786460908
Pigfish,16,1.2797870543154097,52.77996209198401,41.24120642884401,0,0,1,1,2.7781149966864804
Pinfish,16,1.8022510196870158,12.126950568471997,6.728779973490041,0,0,1,1,3.476815530307349
Pink shrimp,16,0.6252017610371303,27.664336655200103,44.24865440127437,0,0,1,1,4.015967932273113
Rainwater killifish,16,7.20903833743188,43.49149176266755,6.032911704303793,0.11140246783095863,0.20047187415081869,0.29504950495049515,0.8831492105965013,1.3309021412542126
Silver perch,16,21.686286373769686,29.301517559656602,1.3511542296655181,0.25290477835523184,0.4037094960835509,0.5254083553635122,0.6487509462528387,1.2417363626365676
Bay anchovy,17,3.1548554277662113,33.25935027028903,10.542273974766015,0.05926306237652552,0.11189489085660174,0.35423925667828104,0.9387455927566091,1.6475970850408503
Mojarra,17,0.0890058902636009,14.074876381370604,158.13421268734334,0,0,1,1,3.622499053206406
Pigfish,17,1.2136204525316592,37.140232855329884,30.60284026843312,0,0,1,1,2.8106640800295
Pinfish,17,1.9145731561881258,30.813862983023462,16.09437742476929,0,0,1,1,3.374156067518452
Pink shrimp,17,0.5133579671933338,30.619329341915495,59.64518191724891,0,0,1,1,4.027541871705012
Rainwater killifish,17,7.6071473257500815,28.9549275898471,3.806279325212369,0.11497153382387326,0.20623223165091992,0.5043951444118878,0.8697928309398417,1.4701525728459486
Silver perch,17,24.062999722098613,28.460693548405263,1.1827575064246028,0.23226259402348698,0.37696931668618033,0.5885836971557433,0.652154984762734,1.2981704629040585
Bay anchovy,18,1.7916838171549683,27.028230120376204,15.085379385350807,0.048566903206438965,0.09263482007285374,0.25496688741721857,0.9506122389400248,1.7973685033706301
Mojarra,18,0.1079181088242955,15.013347548418459,139.1179637224936,0,0,1,1,3.564684557679653
Pigfish,18,0.8078243818782509,39.28918876935805,48.635804576742046,0,0,1,1,2.945404578492252
Pinfish,18,1.8027482089936202,20.22423031725424,11.218555212735097,0,0,1,1,3.3792047973010244
Pink shrimp,18,0.4825184622268506,55.656878479015724,115.34662989299106,0,0,1,1,3.8987896085191402
Rainwater killifish,18,8.412550869753742,46.752556360604316,5.557476808692734,0.11420043720813723,0.20499083180094663,0.32788868723532966,0.8790617872280839,1.5432830161845708
Silver perch,18,38.653787747506144,27.493936021711306,0.7112869817909412,0.21523321011943036,0.3542253590951118,0.6969093771801569,0.5738841978287094,1.362764022699215
Bay anchovy,19,4.679521638342706,38.99586589521411,8.333301757960209,0.06647211711110097,0.124657955973876,0.4182648401826484,0.9301915163144475,2.107970682244224
Mojarra,19,0.10634073039521745,20.348868323614433,191.35535601445895,0,0,1,1,3.538293295505688
Pigfish,19,0.9958019732377302,48.825726981613194,49.03156279442008,0,0,1,1,2.880323394837519
Pinfish,19,2.7373817044875115,21.788240748957353,7.959518657277106,0,0,1,1,3.6001752164237697
Pink shrimp,19,0.8483514792522546,40.192099318475535,47.376706826634226,0,0,1,1,3.920607078839599
Rainwater killifish,19,4.819642590985527,43.36059658093527,8.996641506578777,0.0757981194505152,0.1409151365485386,0.29566094853683145,0.9217108905642042,1.5924001597616102
Silver perch,19,82.74679563884214,33.05760217633875,0.39950310971100844,0.25400879776954727,0.40511485760122584,0.7165202484984761,0.29041916167664666,1.176375686275384
Bay anchovy,20,2.775915016568365,29.946018114822753,10.787800756178246,0.041348172892186376,0.07941277272777673,0.5319490287946511,0.9566129388385957,2.1725400461131166
Mojarra,20,0.10429568705067317,27.57554208437122,264.39772213182073,0,0,1,1,3.545914324839013
Pigfish,20,0.8491048388188434,38.965221740352064,45.88976526686041,0,0,1,1,2.9910097783793534
Pinfish,20,1.7157346629186638,16.451567135785265,9.588642982708782,0,0,1,1,3.4452006390521146
Pink shrimp,20,0.776593408130554,38.46222774502881,49.52685323149547,0,0,1,1,3.8277786148376953
Rainwater killifish,20,6.209058415740647,23.17915638880809,3.7331193937628893,0.06620519479742598,0.12418846788681173,0.7061005770816158,0.9212724287871916,1.7159598678748773
Silver perch,20,30.175658009340466,25.653904506438817,0.8501522816336929,0.30614246609899154,0.468773466976135,0.5663488502523837,0.4899135612336512,1.008647796355091
Bay anchovy,21,3.436645919290837,31.42260028140877,9.143391847564244,0.06187429871410696,0.116537896790674,0.40895522388059696,0.935358258076093,1.7047349402460237
Mojarra,21,0.13618199462507286,31.644475858042764,232.36901431179808,0,0,1,1,3.5693460131960015
Pigfish,21,0.7120555363637923,61.43508266595178,86.2784986964336,0,0,1,1,3.0784880161464243
Pinfish,21,2.061634057383633,13.92842825887794,6.75601385657848,0,0,1,1,3.2862171142853622
Pink shrimp,21,0.6974653437174582,38.58949718239129,55.32819304929338,0,0,1,1,4.026474121343622
Rainwater killifish,21,7.499324549587235,26.871084096864116,3.583133910152363,0.08439493404706362,0.15565350113190554,0.6433095803642123,0.9004529474533034,1.705369355512212
Silver perch,21,27.68272345046482,26.000534483736548,0.9392332560870189,0.2259660535139604,0.36863345908523115,0.6425668684177631,0.6194415718717684,1.3580468276932427
Bay anchovy,22,3.67960740009926,32.127916730354066,8.731343656251859,0.05813650384375377,0.10988469565612546,0.46533713200379867,0.9387651100396937,1.9856860194113377
Mojarra,22,0.10877581248582413,13.46185215595865,123.7577715883577,0,0,1,1,3.621955855375951
Pigfish,22,0.8458740124041868,64.04536393846779,75.71501547427228,0,0,1,1,2.9689659746272734
Pinfish,22,1.7915586823471303,18.61783075815195,10.391973727458724,0,0,1,1,3.4562804439069006
Pink shrimp,22,1.2677229506186962,26.37425878393876,20.804434258342596,0,0,1,1,3.83695093748867
Rainwater killifish,22,8.192129252239239,35.61304343899357,4.347226751733573,0.09598682176298784,0.1751605399936924,0.5316884373488148,0.8922734908032037,1.4982681158292335
Silver perch,22,41.0381815635597,18.859254534747272,0.45955385487873457,0.20002748574723395,0.3333715071079071,0.7567131658469604,0.4706021251475797,1.5212611196134023
Bay anchovy,23,2.9831191966739214,19.916486993637545,6.676396644104521,0.044066447350594375,0.08441310888290042,0.6760057471264368,0.9514716889746716,1.8810462743040135
Mojarra,23,0.1352878839057649,20.40985667929701,150.8624134701785,0,0,1,1,3.594878165551329
Pigfish,23,1.151692141891093,30.404943020305897,26.400234849549808,0,0,1,1,2.9013599899014215
Pinfish,23,1.69983968992992,24.5734762954105,14.456349290457856,0,0,1,1,3.369084429922635
Pink shrimp,23,0.9180150828646033,40.93709028067585,44.593047592349414,0,0,1,1,3.8404353148259767
Rainwater killifish,23,6.971855556425492,26.48509303476689,3.7988585420931957,0.09642555874708536,0.17589075332624207,0.577962577962578,0.8889041491382101,1.5945786319078634
Silver perch,23,42.48703504034726,36.78230405033607,0.8657300754313931,0.25060641600488104,0.4007758361027039,0.6261302345385114,0.5681451111939372,1.5299008429917278
Bay anchovy,24,2.682456393223873,26.00497542941394,9.69446343847559,0.03712755641214945,0.07159689506387996,0.6171548117154811,0.9605088831667491,1.5704423033951254
Mojarra,24,0.15973933875477225,16.20301323871691,101.43408233078617,0,0,1,1,3.6175700327377576
Pigfish,24,0.8987082183158511,41.8879459836622,46.60906079412381,0,0,1,1,2.8848365846762283
Pinfish,24,1.802410151762722,15.982084768956007,8.867063222721997,0,0,1,1,3.4231677775947813
Pink shrimp,24,0.9450439197684036,22.653450599149547,23.970791330736347,0,0,1,1,3.966166570554642
Rainwater killifish,24,4.103917907594511,34.0719082706574,8.302287969163707,0.04303115150845407,0.08251172833375396,0.6162260711030082,0.953774919597778,1.842552918752825
Silver perch,24,44.76447713727646,28.14351120613015,0.6287018860920498,0.2036043553696896,0.3383243911694755,0.7244852129956655,0.5617719731733145,1.4465260008775527
Bay anchovy,25,2.9808635031326105,26.9281914225322,9.033688189423358,0.09507484108610632,0.17364080977663615,0.1288711288711289,0.9035688577176276,1.899695000377084
Mojarra,25,0.08029394334015404,14.516977976279298,180.7979203958156,0,0,1,1,3.7153184046299086
Pigfish,25,0.8643810571518539,40.37961681957875,46.71506447935136,0,0,1,1,2.9954147042617114
Pinfish,25,2.4413222298759756,20.527902766938535,8.408518349493502,0,0,1,1,3.27879773801757
Pink shrimp,25,0.8763480719634504,36.52823482670405,41.68233604355727,0,0,1,1,3.93874142037807
Rainwater killifish,25,6.551595534441453,33.628371570213794,5.132852202708624,0.061033145740752456,0.11504474857501763,0.6472237801458216,0.9312709180155203,1.773275956456503
Silver perch,25,19.31659692441343,26.725808619802983,1.3835671326777732,0.263636000152143,0.41726573177782367,0.5027095580708201,0.6405736807532297,1.164014175237969
Bay anchovy,26,3.0099712824372635,36.117123920808886,11.999158972561284,0.07051155000090512,0.13173430964074231,0.14378238341968902,0.9286435308892698,1.480485732951736
Mojarra,26,0.14156430189921682,23.15689530706867,163.57863526607608,0,0,1,1,3.663720577699611
Pigfish,26,0.7364477580355101,43.76964894831512,59.43347436493198,0,0,1,1,2.7943729317849244
Pinfish,26,1.395887315941381,22.297208420775565,15.973501704712042,0,0,1,1,3.3924033497506425
Pink shrimp,26,0.9270165163741922,37.0573456124674,39.9748493774507,0,0,1,1,4.00795885271238
Rainwater killifish,26,5.70668073294588,22.218865397577282,3.8934831712773157,0.030850227263524623,0.05985394666967101,0.8535528596187175,0.9623865998801175,1.7174063169368095
Silver perch,26,32.670833407349974,29.79139145058699,0.9118650595513981,0.22961360367480319,0.37347277712052585,0.6429852233648199,0.6084784992081862,1.2869062907967488
Bay anchovy,27,3.376113111071632,37.972926883610135,11.247528040183738,0.055932616155979414,0.10593974520759987,0.3512499999999999,0.9423206594655973,1.7664997767955595
Mojarra,27,0.1437436082795847,15.255547110764013,106.13026410949428,0,0,1,1,3.5823304463924353
Pigfish,27,0.6136049262041359,47.218603187418786,76.9527772202239,0,0,1,1,2.928961180580817
Pinfish,27,1.0337203162726936,26.53589625193559,25.670286086295192,0,0,1,1,3.5140255218634118
Pink shrimp,27,0.8331863270701634,39.307807627136846,47.1776916519499,0,0,1,1,3.828721614339112
Rainwater killifish,27,3.6359579462864926,33.40681962424709,9.18790044267878,0.03082549138784465,0.05980739057266223,0.6953441295546559,0.9668416225941907,1.8490812899840976
Silver perch,27,52.38245297407978,28.113850774196845,0.5367035940090151,0.25444575736177993,0.4056704020377953,0.6883024176027189,0.41923701298701305,1.067098475110816
Bay anchovy,28,1.8303569565690525,37.02966366562068,20.230842695859522,0.019501503910192716,0.038256939956236864,0.593886462882096,0.9799260197302102,2.093087582349356
Mojarra,28,0.13035487725360398,22.073874630442845,169.33677584996198,0,0,1,1,3.5349954006117565
Pigfish,28,0.7165587089646099,53.39526961874706,74.51625240296143,0,0,1,1,2.9528727289659984
Pinfish,28,1.055088781214659,20.041374582371283,18.994965105494607,0,0,1,1,3.3880029551531563
Pink shrimp,28,1.0187617406526366,46.71504506976795,45.85473050827515,0,0,1,1,3.9180979143755557
Rainwater killifish,28,6.864963623484334,26.06531491682336,3.7968613304310312,0.12070728845737148,0.2154126946448655,0.4833475874870484,0.863926446727961,1.431106410274844
Silver perch,28,36.276952787692615,43.976704553534375,1.212249132690494,0.26940970188128255,0.424464538882937,0.5304893459991761,0.6126945845209384,1.231517714323109
Bay anchovy,29,3.3212260887664007,30.250178784281644,9.10813596418467,0.08594631654266716,0.15828833384010155,0.19999999999999998,0.9121664407354273,1.8736179698310051
Mojarra,29,0.14091971495599512,19.24033253230845,136.5340012099557,0,0,1,1,3.555131241654322
Pigfish,29,0.5607006160193999,64.97519568060366,115.88215497583037,1.0734554521722527e-4,2.146680467759287e-4,0.9874545680441886,0.9998917397423407,2.8006000619023212
Pinfish,29,2.1341785816041803,19.915090445215107,9.331501410835871,0,0,1,1,3.352504700350351
Pink shrimp,29,0.7629573414102717,27.526953349056058,36.0792823595805,0,0,1,1,3.8987172449153022
Rainwater killifish,29,6.612606987184888,24.439189823107572,3.695847926615067,0.12203329249497387,0.21752169621209438,0.4892755969243221,0.8618113046811866,1.6774775361146792
Silver perch,29,27.254176932554067,30.385164856372658,1.1148810302203163,0.20860856099657177,0.34520450661802565,0.6349667687034869,0.6725810006612299,1.364139276350626
Bay anchovy,30,2.2963098528651975,35.80827181864577,15.593832763451482,0.04499816037511382,0.08612103270872978,0.2854609929078014,0.9541781024632429,1.840952406170094
Mojarra,30,0.10069782608362268,12.493084610685548,124.0650875651565,0,0,1,1,3.508354543651802
Pigfish,30,1.02779089409881,51.703933833822155,50.30588822170614,0,0,1,1,2.9460238189147523
Pinfish,30,2.09488809434562,23.640650716679595,11.284922941940831,0,0,1,1,3.4091614589937196
Pink shrimp,30,0.7374410101600649,36.90122684924536,50.039564305266644,0,0,1,1,4.042460530953824
Rainwater killifish,30,7.789530677102533,29.67846076009676,3.8100447883640967,0.10645185960955067,0.19242022811026924,0.5372250423011845,0.8785381843509731,1.5543795802295846
Silver perch,30,43.18903955551433,25.341035697530103,0.5867469144563228,0.23313580038940995,0.37811861486105325,0.7000107272853626,0.48872458410351205,1.183557828513822
Bay anchovy,31,2.6766543435293726,33.513647200896564,12.52072285011828,0.036183624505020315,0.06984017822575617,0.5278551532033426,0.962290927413013,1.9188107645220034
Mojarra,31,0.06915302917761885,22.380290938004382,323.6342818840348,0,0,1,1,3.69940200035146
Pigfish,31,0.9106788202681616,34.30982646513516,37.675002099019025,0,0,1,1,2.725254630040852
Pinfish,31,1.7151542700622786,15.457163861613328,9.012112864373456,0,0,1,1,3.477695147428977
Pink shrimp,31,0.8421638117684275,44.64111825098709,53.00764248851648,0,0,1,1,3.863248110485143
Rainwater killifish,31,5.798368152114555,45.775017139513935,7.894465466602126,0.03743703077915475,0.07217215053724874,0.6790336496980156,0.9593428647373472,1.8613954761516815
Silver perch,31,41.54908876523112,29.319076862060875,0.7056490944416453,0.17264591572729746,0.29445532263713065,0.7488812727952278,0.6441308730035663,1.6586440617409517
Bay anchovy,32,3.4174304727875313,25.764645578080128,7.539186468675808,0.05710383405715137,0.10803826874411677,0.5387205387205387,0.9388157511163826,1.719208167662957
Mojarra,32,0.1087495228821624,19.12071203853493,175.82341082317703,0,0,1,1,3.6863173642163534
Pigfish,32,0.6220518968111438,59.42223473678424,95.52616918524556,0,0,1,1,2.939210486095741
Pinfish,32,2.0198819321228143,21.549534389922393,10.668709911808905,0,0,1,1,3.3251823933528337
Pink shrimp,32,0.7853709278968446,34.3150303691362,43.692768792739614,0,0,1,1,4.0530815198452395
Rainwater killifish,32,4.323374752624634,41.48903203103794,9.596445925917196,0.04887845593168873,0.09320137267624853,0.506198347107438,0.9485432777192077,1.5956266066875175
Silver perch,32,30.115794149284444,27.91836912498974,0.9270341332059173,0.19471691406679764,0.32596326673568937,0.6859288294145108,0.6612086229237838,1.4445563888168471
Bay anchovy,33,1.9968811008922551,30.369708957539988,15.20857147877761,0.026635969800172344,0.05188980433903334,0.5794701986754967,0.9723491583735318,1.6929855634446171
Mojarra,33,0.13486132944020882,24.276939023399578,180.01408650033244,0,0,1,1,3.5805443905618857
Pigfish,33,0.9149805090242955,44.39592348018368,48.52116853016465,0,0,1,1,2.989080940439689
Pinfish,33,2.0294274162313113,19.27418463522154,9.497351066151506,0,0,1,1,3.296135433117044
Pink shrimp,33,0.8731950920699548,24.51480655176362,28.07483318951093,0,0,1,1,3.980207432554275
Rainwater killifish,33,8.382193718307745,32.04458206963978,3.822935039028084,0.11161767244907299,0.20082025540878864,0.515728476821192,0.8733246790136602,1.7189701212511699
Silver perch,33,48.196149953108666,31.992330225041652,0.6637943125367453,0.2527590121114773,0.4035237578302656,0.6643097333742746,0.49428571428571433,1.3184203221860984
Bay anchovy,34,3.431554086302004,30.496381332127616,8.887046674817787,0.0958994681528863,0.17501508293369772,0.13480885311871232,0.9026458194112019,1.6493359775361263
Mojarra,34,0.10675060271097546,13.790576264525006,129.18499675231473,0,0,1,1,3.517094753758831
Pigfish,34,0.6221168026763628,45.43458000191414,73.03223415032899,0,0,1,1,3.0155556250989113
Pinfish,34,2.068061317867535,13.325076586804366,6.443269583778305,0,0,1,1,3.418455165407017
Pink shrimp,34,0.5775414303381197,28.461712914758557,49.280815920159604,0,0,1,1,4.0522156132779905
Rainwater killifish,34,7.253843792774296,36.83005191380227,5.07731527807222,0.09558147685790003,0.17448538310820164,0.4697986577181208,0.8955744693319126,1.5007642093728513
Silver perch,34,46.05349891535601,27.74701507937045,0.6024952660028732,0.2707163287728245,0.42608459912412516,0.6586007234934287,0.43335774441596486,1.2222884351364205
Bay anchovy,35,3.326014280950636,38.06474248323844,11.444551727047557,0.03484138692776675,0.06733667085195293,0.5810126582278481,0.9633897987649499,1.7964048389983351
Mojarra,35,0.07091465757285279,15.537624732453454,219.10314826650864,0,0,1,1,3.513753933899824
Pigfish,35,0.9418264929306788,34.272255845328026,36.38913972220419,0,0,1,1,2.9204000983906817
Pinfish,35,1.4859508996426163,19.61429942496129,13.199830108571348,0,0,1,1,3.3842508100443633
Pink shrimp,35,0.7062634668285194,39.161937940768205,55.44947428277033,0,0,1,1,3.869455533972365
Rainwater killifish,35,6.162644110747725,47.817320416927906,7.759221457155692,0.04206124182939064,0.08072700555593071,0.6464471403812825,0.9544344930002397,1.866933423627369
Silver perch,35,22.922560729696666,25.664523499698568,1.1196185191669983,0.2597045759734493,0.4123261611124338,0.563012916484525,0.609700021896212,1.312285776556146
Bay anchovy,36,2.9295568665183516,33.99047008439916,11.602597810226271,0.06691424605845556,0.12543509716110654,0.20959595959595947,0.9318769767484834,1.5496484732771747
Mojarra,36,0.13106202248941035,22.485515690096566,171.56393029043457,0,0,1,1,3.5183043517704626
Pigfish,36,0.8030550139421981,46.51093792907749,57.917498952849115,0,0,1,1,3.1105792623337565
Pinfish,36,2.0683206205767006,19.03948476718794,9.205286925911537,0,0,1,1,3.4318355557279365
Pink shrimp,36,0.5556992856305785,39.30584762426343,70.73222629692822,0,0,1,1,3.813395938765642
Rainwater killifish,36,6.308326086292745,29.423755381258903,4.664273054177285,0.07483214496213769,0.13924433747703693,0.6056410256410256,0.9154511389495541,1.577402106671529
Silver perch,36,28.100557860673334,28.840432414706186,1.0263295325915327,0.24123018761670087,0.3886953282692705,0.6061875885738084,0.6162904808635918,1.2440740211515648
Bay anchovy,37,3.9650460287719,27.697006406980105,6.985292530275807,0.10149304094161674,0.18428267300691234,0.26422447388932185,0.8946679007469388,1.6676636869057162
Mojarra,37,0.15479644642205687,18.139354776475738,117.18198444309424,0,0,1,1,3.609122958819321
Pigfish,37,1.1385590619310204,32.21461754641195,28.294199768411904,0,0,1,1,2.9758789480981296
Pinfish,37,2.0834457562016295,18.454823480785414,8.85783727550976,0,0,1,1,3.461047993899325
Pink shrimp,37,0.6637528169556298,42.35449707390314,63.81064756631297,0,0,1,1,4.004351837016811
Rainwater killifish,37,7.868755214952104,38.40866128714005,4.881161027116007,0.13603294732191473,0.23948767972372445,0.29576719576719573,0.8557243245365961,1.3045274439877645
Silver perch,37,27.287622881553503,39.40164714566564,1.443938422804181,0.3588988792864006,0.5282201417001232,0.3545312499999999,0.5529804181355072,1.0833406933727387
Bay anchovy,38,3.08156857788298,28.74836601239939,9.329133941308992,0.0686227392428541,0.12843211495101636,0.3367037411526795,0.9289005535754746,1.9788127143267304
Mojarra,38,0.08269321321175127,16.59281087387168,200.6550505104055,0,0,1,1,3.7438314641760377
Pigfish,38,1.006149342030664,27.37194637900108,27.20465564660368,0,0,1,1,2.7793006739622736
Pinfish,38,1.7071799426166225,11.486383493466686,6.728279314166097,0,0,1,1,3.6178311869114275
Pink shrimp,38,0.6919631765510732,33.26699180177533,48.07624585976784,0,0,1,1,3.9637032854316696
Rainwater killifish,38,6.3235775774160174,23.732613123365397,3.7530358144294604,0.06209160537493483,0.1169232579576138,0.7221297836938436,0.9259612137891633,1.570545718809814
Silver perch,38,36.31980477863083,33.2082486303769,0.914328940719289,0.3104069521870931,0.47375657106980124,0.5465370425725725,0.50404833836858,1.049396592544114
Bay anchovy,39,2.584981440075515,32.150534570027105,12.437433426635314,0.06580883830064875,0.12349088492374662,0.17029972752043604,0.9332900732796909,1.7211993742113334
Mojarra,39,0.09965318213102659,14.932417957928598,149.84386487824412,0,0,1,1,3.532079511045174
Pigfish,39,0.738806646262849,30.510811625452185,41.297424407031116,0,0,1,1,2.805141711155896
Pinfish,39,1.9394528628174117,18.574426520369503,9.577147697926897,0,0,1,1,3.520243401369854
Pink shrimp,39,0.9781220256635715,44.287095664798414,45.27767957658804,0,0,1,1,4.0495393274476355
Rainwater killifish,39,3.804698249945122,35.96530428746844,9.452866410098935,0.05138858670557044,0.09775374653170214,0.4890965732087228,0.9459525391953645,1.404407651745189
Silver perch,39,33.02757533951202,26.797183212810427,0.8113578710318478,0.19972676443471346,0.33295375306363295,0.6984507993492971,0.62834008097166,1.440659754772292
Bay anchovy,40,3.316383960467268,35.330401179794784,10.653290330959399,0.08808641964207684,0.1619107049806809,0.056603773584905696,0.9114455537109036,1.70660161742155
Mojarra,40,0.07361449356943232,21.68721474236777,294.6052290900113,0,0,1,1,3.745801414942076
Pigfish,40,0.8479696683929917,33.20711707895303,39.16073689508808,0,0,1,1,2.8404423327949426
Pinfish,40,1.731140549340642,21.073052022797963,12.172929593050247,0,0,1,1,3.2189257102997306
Pink shrimp,40,0.4910398818007406,33.89122588867453,69.01929383900283,0,0,1,1,3.8660048817836574
Rainwater killifish,40,8.046794114418875,37.31971406595141,4.637836327771706,0.05420042474855938,0.10282755247701003,0.7101375445746307,0.9375004991681893,1.7383510038631897
Silver perch,40,38.78087864747209,30.107202494518695,0.7763414224881471,0.27254312863391517,0.4283440340862825,0.6195573745884307,0.5099544937428896,1.289724334894428
Bay anchovy,41,2.5654519739207404,40.13307582941293,15.643666783626502,0.0456114992705596,0.08724368334200444,0.27397260273972596,0.9535896917709744,1.653844889227484
Mojarra,41,0.1733068123667888,19.011426619464665,109.69809183974046,0,0,1,1,3.589641743271641
Pigfish,41,1.2941355721372847,49.23721406668791,38.046411154104895,0,0,1,1,3.143357986121719
Pinfish,41,2.1929616188072405,9.562989239112627,4.360764528251967,0,0,1,1,3.427169765828195
Pink shrimp,41,0.6166910413134212,25.60472646750866,41.51953693534451,0,0,1,1,3.9797524966060283
Rainwater killifish,41,8.217223831017035,36.27996864743769,4.415112621186487,0.09458997288074188,0.1728317913086669,0.5320481927710844,0.8940113543234689,1.6998195563353233
Silver perch,41,24.320156461318536,21.13998085840445,0.8692370417940284,0.1944391736718558,0.3255740065425439,0.6957125035626928,0.6499372647427855,1.397053122511126
Bay anchovy,42,3.3092233051964235,27.74394126351282,8.383822638969974,0.07604933548934618,0.14134916119763571,0.33680227057710493,0.9208955439562622,1.5325218326726757
Mojarra,42,0.1726835379593984,16.41974448265872,95.08575441927393,0,0,1,1,3.6138587713449994
Pigfish,42,1.0150749170254458,73.06373217225259,71.97865984744949,0,0,1,1,2.839307817852189
Pinfish,42,1.9688684073165448,17.059002064781538,8.664368833076043,0,0,1,1,3.34205058177738
Pink shrimp,42,1.1147291550138814,22.141924870967273,19.86305352414645,0,0,1,1,3.9299354498743795
Rainwater killifish,42,9.250523033762573,31.812627737204163,3.4390085426623327,0.08125379727022936,0.15029551336673314,0.6664184661206254,0.9030006672733851,1.566918435581018
Silver perch,42,64.4688658007849,36.18119645793284,0.5612196834629646,0.16018769417598852,0.2761409985300011,0.7844416188419223,0.6159108678655201,1.5679923914140665
Bay anchovy,43,4.351772084029906,37.895814274908325,8.708133960870342,0.08177137190464415,0.15118050639604486,0.26615969581749055,0.9157293276056625,1.7757899205016308
Mojarra,43,0.1097619205302155,16.33961169012075,148.86411982580742,0,0,1,1,3.68972606936867
Pigfish,43,0.7831693661633115,41.055769222237515,52.422593370022476,0,0,1,1,2.6851199322541643
Pinfish,43,1.5958464337143596,16.671218666142142,10.446630900029396,0,0,1,1,3.3546122868058927
Pink shrimp,43,0.604000765554987,21.425745086261877,35.47304292996185,0,0,1,1,4.023623551274242
Rainwater killifish,43,5.796835471349592,33.2780643031617,5.740729483808181,0.07261512635323042,0.13539828885336272,0.5436583811344806,0.9205080782585839,1.5420197411417575
Silver perch,43,28.75545570326867,28.742413505553355,0.999546444408675,0.21319520364171007,0.35146067673487524,0.6486190267426567,0.6484595836212314,1.3051314479339344
Bay anchovy,44,2.093421227131372,34.001885125339896,16.24225678266045,0.05565919774083768,0.10544917878791013,0.09090909090909088,0.9440292736868059,1.6785168605326573
Mojarra,44,0.08837633965895256,14.296832281291035,161.77217043003841,0,0,1,1,3.5443986814934516
Pigfish,44,0.6423145551980615,42.73479379734791,66.53250101762117,0,0,1,1,2.9725886232795986
Pinfish,44,1.6765469727171414,16.5303941720097,9.859785881942376,0,0,1,1,3.4410105816304775
Pink shrimp,44,1.0067603136294372,47.761386764539246,47.440672936695634,0,0,1,1,4.021113349655768
Rainwater killifish,44,7.817083897463205,30.48548435598859,3.899853801733114,0.09629845547668123,0.17567926871667391,0.569598633646456,0.8896365381281033,1.6070642745126305
Silver perch,44,25.327308305430954,19.68233255817387,0.7771190021781103,0.2159003069683643,0.35512830407399787,0.6844473713094061,0.5939455504161364,1.4296488232370292
Bay anchovy,45,2.283507090284663,38.13023289554966,16.698101380012062,0.03660729155698122,0.07062904506873992,0.375,0.9625705949570927,1.7716271165526274
Mojarra,45,0.11916179720039266,15.220758898331852,127.73186756100466,0,0,1,1,3.5585453144823553
Pigfish,45,0.9922161349684063,47.82863188530692,48.203844101799305,0,0,1,1,3.018157263087004
Pinfish,45,2.390011850970086,28.86555319076832,12.077577430861707,0,0,1,1,3.4059088605309906
Pink shrimp,45,0.8414307077306763,22.3429114263937,26.553477572326944,0,0,1,1,4.021804696119103
Rainwater killifish,45,7.216595222391559,41.68481348648946,5.776243810536907,0.10573899950479343,0.1912548974977798,0.3520050922978995,0.8878172513216909,1.5090544643590216
Silver perch,45,25.75133244601674,21.332401049315493,0.8283998932496103,0.30086318221807395,0.4625593011327734,0.5771283115936114,0.48953193759167896,1.0152017440750272
Bay anchovy,46,2.9230589634979114,42.07454129913421,14.394010461145552,0.06111223912715344,0.11518524972895036,0.11341853035143767,0.9384062230577256,1.737644597788051
Mojarra,46,0.10084269275512785,18.34120541268328,181.87936985400094,0,0,1,1,3.732809831835304
Pigfish,46,1.0966402384812737,46.28872707787323,42.209582918440084,0,0,1,1,2.914862866844211
Pinfish,46,1.8905543436508685,16.95952091280682,8.970660362005843,0,0,1,1,3.455332062618881
Pink shrimp,46,0.9190657466909303,29.568359912733442,32.17219227154691,0,0,1,1,3.894375945981911
Rainwater killifish,46,5.824339636483242,42.97621999760365,7.3787283503186725,0.06433356318587694,0.12088985147345509,0.4935483870967742,0.9313632933944027,1.693291208200615
Silver perch,46,62.44883652966389,27.011046978982478,0.4325308281148189,0.24817087689237868,0.3976552914137201,0.7151732680434321,0.3414880201765447,1.2162219691717335
Bay anchovy,47,2.4256846226112243,33.99978952942267,14.016574624949492,0.0648191987425455,0.12174686335312337,0.08588957055214719,0.9347836076996489,1.867743491933432
Mojarra,47,0.12680196273794367,24.645046272564343,194.35855518654103,0,0,1,1,3.6115657672418466
Pigfish,47,0.7720578213717385,30.459015870278908,39.45172890828494,0,0,1,1,2.966045426302119
Pinfish,47,1.213835499236954,16.078659357841143,13.246160099905278,0,0,1,1,3.4707396177726046
Pink shrimp,47,0.7377009669483724,45.982328943193494,62.33193530084059,0,0,1,1,4.028450614710142
Rainwater killifish,47,5.902458725885497,43.30998750818936,7.337618019801049,0.082484892191046,0.15239915639670357,0.36467702371218313,0.9134156378032551,1.5733210766376
Silver perch,47,31.124652334557126,29.931984279885018,0.9616809196179226,0.26129046802143713,0.4143224334856326,0.5936157938307843,0.5774230330672748,1.2514362765410862
Bay anchovy,48,2.631263265720311,38.117243195977046,14.486290175735194,0.05543536142505537,0.10504738319589027,0.18660287081339702,0.9438505566767496,1.729952259383273
Mojarra,48,0.1097872191571719,18.759572183372587,170.87209538039482,0,0,1,1,3.5531290162698093
Pigfish,48,0.8831338070864853,32.33375697986311,36.612523176452996,0,0,1,1,3.072847492190363
Pinfish,48,1.7224285109508832,27.82775686510205,16.156117184648476,0,0,1,1,3.2899919543972147
Pink shrimp,48,0.9531059758201069,43.921107989441495,46.08208226965449,0,0,1,1,3.7913726800481697
Rainwater killifish,48,8.98251473759944,27.18776138565607,3.026742752990122,0.04824749243561433,0.09205362814369489,0.8146618599929646,0.9387664710441811,2.0175830810668476
Silver perch,48,28.967819149182134,39.481959483387996,1.3629593335990815,0.2589037818606034,0.4113162349515786,0.5140382317801673,0.6434510140984296,1.3529737207514745
Bay anchovy,49,2.8606931971937986,32.4006854854336,11.326165810866087,0.07531782378696526,0.14008476772330844,0.13664596273291924,0.92377349478331,1.3572737936640182
Mojarra,49,0.09994664461104347,15.677654135193563,156.86023474029946,0,0,1,1,3.7625424755199215
Pigfish,49,1.0505958859560178,58.29222660260161,55.484918018270214,0,0,1,1,2.9950756503833835
Pinfish,49,1.7680137067812216,24.162901957153608,13.666693795685367,0,0,1,1,3.351294390950127
Pink shrimp,49,1.0285837039246772,27.291398407685364,26.532987352951395,0,0,1,1,3.8077212451739495
Rainwater killifish,49,4.862052084498831,25.535510604739613,5.25200268548167,0.07510523950134872,0.13971700023745348,0.5632444696539989,0.9168401928747404,1.5892564231195936
Silver perch,49,39.964031160600236,28.42943148202125,0.7113754708020865,0.19601986445560804,0.32778697123869316,0.7195167088867958,0.6057169488892341,1.3481366773594206
Bay anchovy,50,3.990536904970249,41.29884798481398,10.349195852161122,0.05830702420717278,0.1101892416349656,0.3747203579418344,0.9395818137959391,1.723000273565953
Mojarra,50,0.15058834132615923,16.398216398435604,108.89432909629248,0,0,1,1,3.6422703103361895
Pigfish,50,0.6263169227177381,42.81586711543039,68.36134481189198,0,0,1,1,3.104522964090672
Pinfish,50,1.5120667740284628,20.005818983819875,13.23077745470207,0,0,1,1,3.3069995657088906
Pink shrimp,50,0.5559112365226182,42.909180877533515,77.18710840590768,0,0,1,1,3.9738409032319124
Rainwater killifish,50,7.4723651840615055,36.62764781185363,4.90174756046186,0.0837515628723013,0.15455860132802368,0.5439170758319694,0.9069550362309852,1.5640693016877112
Silver perch,50,44.625007595501955,29.88351794352506,0.6696585514203299,0.25591759893241806,0.40753883718160905,0.6597746477319144,0.49194204785935214,1.3276043110945168
