BASIN,y1,y2,ychange,lsr,dist_cent,jaccard,sorensen,uniq_y1,uniq_y2
BLK,2007,2008,1,-7.9651679540243325,0.6594462139107925,5.142775745397347e-5,1.028502255514932e-4,0.9999485570245383,0.8519001665575199
BLK,2007,2009,2,-4.255511946752651,1.2724770158011818,0.00270304088544294,0.0053915083035072945,0.997266004347567,0.8072727272727273
BLK,2007,2010,3,2.033646594692024,2.598457962444055,0.051194830230461466,0.0974031240607179,0.5791258477769405,0.944925474976937
BLK,2007,2011,4,-1.5096438341980662,0.9076878951592358,0.07682399596199564,0.1426862630292035,0.9128908445562721,0.6058207217694994
BLK,2007,2012,5,-6.987309117274123,0.9215912894344552,6.517253020902791e-4,0.001302601665716466,0.9993480976723925,0.29411764705882343
BLK,2007,2013,6,-0.06550003034452526,0.7341026695560868,0.1634959156955544,0.2810425262177465,0.7278666598076033,0.7094452002789673
BLK,2007,2014,7,-0.7654675773389382,0.5612821220989433,0.16989535102335657,0.29044538193051533,0.7872318534904059,0.5425486061378074
BLK,2007,2015,8,0.05444825175763371,0.7990877263710796,0.17353001179434221,0.2957402197648318,0.6959852896107876,0.7120957850273731
BLK,2007,2016,9,-1.442400225361138,1.2220832952874872,0.06761898197627188,0.12667249855580917,0.9216936100053815,0.6686983021332172
BLK,2007,2017,10,-0.5023567361078153,0.6359872861841558,0.09151462325945449,0.16768373287785324,0.865425176192191,0.7776001047662766
BLK,2007,2018,11,-0.45649665438754455,1.1250896923137537,0.1230036244499343,0.21906184765909997,0.821081331344205,0.7175707739558932
BLK,2007,2019,12,-6.460138829036511,0.8526984632215177,9.90331575839813e-4,0.0019787035790460694,0.9990091002919517,0.36666666666666675
BLK,2007,2021,14,1.1778915405836596,1.0512457844615468,0.1264248670608668,0.2244710157913007,0.5232774674115456,0.8532041144250306
BLK,2007,2022,15,2.23790529050208,1.027967587269862,0.06347836948965334,0.11937876934932981,0.38080168776371304,0.9339428480434667
BLK,2007,2023,16,0.6706853924930831,1.7038636392422366,0.10720696057669137,0.1936529743650679,0.7138218421907133,0.8536605162377316
BLK,2008,2009,1,3.709656007271682,1.6176232557332624,4.725902931590793e-4,9.447341141461969e-4,0.980236277810937,0.9995160665892374
BLK,2008,2010,2,9.998814548716357,2.9094265457537873,0,0,0,1
BLK,2008,2011,3,6.455524119826267,1.0477665583709825,5.757590985045403e-4,0.0011508555814370035,0.6333333333333334,0.9994236677431071
BLK,2008,2012,4,0.9778588367502097,0.8531766685420561,0.002445065814892721,0.004878204099703188,0.9910759175465058,0.996643513711601
BLK,2008,2013,5,7.899667923679807,0.7243764440693541,2.118901364633521e-4,4.2369049708945765e-4,0.4285714285714286,0.9997880761851121
BLK,2008,2014,6,7.199700376685395,0.4107922413587403,5.86685033895588e-4,0.0011726820727695647,0.21428571428571433,0.9994132210785377
BLK,2008,2015,7,8.019616205781967,0.8689603697866441,1.3155253427577225e-4,2.6307046096571136e-4,0.6,0.9998684215014968
BLK,2008,2016,8,6.522767728663195,1.3171435204479491,4.1944428319910516e-4,8.385368469115216e-4,0.7142857142857143,0.9995801154213356
BLK,2008,2017,9,7.462811217916517,0.5352959494032214,3.130311302219081e-4,6.258663447945373e-4,0.45454545454545464,0.9996868871913978
BLK,2008,2018,10,7.508671299636788,1.1115244809565028,3.837532758082656e-4,7.672121314478482e-4,0.3000000000000001,0.9996161835995628
BLK,2008,2019,11,1.5050291249878218,0.832377624934349,0.002284187631519912,0.004557964018004984,0.9874558339327799,0.9972150593089221
BLK,2008,2021,13,9.143059494607993,1.1624266234226643,1.069595861257758e-4,2.138962939924723e-4,0,0.9998930404138743
BLK,2008,2022,14,10.203073244526413,1.1576053260685653,0,0,0,1
BLK,2008,2023,15,8.635853346517417,1.692620240621257,1.77621913797693e-4,3.551807397126541e-4,0,0.9998223780862022
BLK,2009,2010,1,6.2891585414446745,1.3337247456947656,0.001002561833480765,0.0020031154198934882,0.4594594594594594,0.9989965830771358
BLK,2009,2011,2,2.745868112554584,0.7529287774579657,0.006581432166124778,0.01307680025839894,0.8916055419722901,0.9930418832910355
BLK,2009,2012,3,-2.7317971705214728,1.071741322980817,9.095344499511289e-4,0.0018174158975335622,0.9990321331784746,0.9851331130385641
BLK,2009,2013,4,4.1900119164081255,1.0024539440298263,0.0026786645223158454,0.005343016894833366,0.8209459459459459,0.9972880286067739
BLK,2009,2014,5,3.490044369413712,1.4530353856723663,0.003332656977766753,0.0066431745335696814,0.8877721943048575,0.996577105919609
BLK,2009,2015,6,4.309960198510284,0.8594056417114561,0.003397234245747717,0.006771464241281098,0.7445887445887446,0.9965687836687007
BLK,2009,2016,7,2.8131117213915124,0.7579114868615794,0.003736313254595512,0.007444810365544291,0.9342560553633219,0.9960541837173627
BLK,2009,2017,8,3.753155210644835,1.1508969162795584,0.001978617870277499,0.003949421344904714,0.9137931034482758,0.9979789948832187
BLK,2009,2018,9,3.7990152923651057,0.9923632912665589,0.002586395413980689,0.005159446459300366,0.8822170900692841,0.9973625095146674
BLK,2009,2019,10,-2.2046268822838604,1.0612980912398688,0.0012655981117805125,0.0025279967955899392,0.9985965931087882,0.9872754950687077
BLK,2009,2021,12,5.43340348733631,0.9167715218019744,0.0012591850382797172,0.0025152029706106047,0.710843373493976,0.9987369050556747
BLK,2009,2022,13,6.4934172372547305,1.1413906102185725,7.561121728660667e-4,0.0015110817983901743,0.5,0.9992433156889153
BLK,2009,2023,14,4.926197339245734,1.419586344257051,0.0020382403121523857,0.004068188678143537,0.717557251908397,0.997951150268308
BLK,2010,2011,1,-3.5432904288900904,1.9564111303783656,0.021708042787930856,0.042493631994314544,0.9781387682021303,0.24402730375426623
BLK,2010,2012,2,-9.020955711966147,2.2742111084600385,6.042163535098969e-5,1.2083596959508723e-4,0.9999395747136545,0.5
BLK,2010,2013,3,-2.0991466250365494,2.265860186969412,0.06850152383074039,0.1282197962341729,0.9280327303199094,0.4128043595800852
BLK,2010,2014,4,-2.7991141720309622,2.751432597380478,0.03797946131157359,0.07317960080555616,0.961183199677965,0.36223662884927066
BLK,2010,2015,5,-1.9791983429343905,2.1116559185026693,0.08252008716306675,0.1524592257300741,0.9132369818311594,0.3721013200142704
BLK,2010,2016,6,-3.476046820053162,1.7694662628907118,0.023106730829911475,0.04516973671196168,0.9767165943288059,0.24720893141945782
BLK,2010,2017,7,-2.5360033307998395,2.4065584255772534,0.04153114342274135,0.07975017105347276,0.9569675161433431,0.4565386451397604
BLK,2010,2018,8,-2.4901432490795687,2.0681158730149374,0.05765365589464835,0.10902180609564528,0.9409702471699383,0.2879238548483047
BLK,2010,2019,9,-8.493785423728536,2.2690253584295026,1.5354472288628006e-4,3.070423010475314e-4,0.9998464474180508,0.25
BLK,2010,2021,11,-0.8557550541083645,2.0457649509233717,0.17890635613244463,0.3035124125030086,0.7837531424064672,0.4911386063049863
BLK,2010,2022,12,0.2042586958100562,2.2748883594692964,0.1940451577606348,0.3250214725958199,0.6381510865815799,0.7050021516316171
BLK,2010,2023,13,-1.3629612021989412,2.2107356625728762,0.16413729121657725,0.2819895770971243,0.8229243804598192,0.3080331342708534
BLK,2011,2012,1,-5.477665283076057,0.5531389957248947,0.0013715464804321545,0.002739335834441859,0.9986246081374518,0.6708860759493672
BLK,2011,2013,2,1.444143803853541,0.5509383625344914,0.08206425650937178,0.15168093025104193,0.6027308192457738,0.9062651282120094
BLK,2011,2014,3,0.744176256859128,0.8311587764879511,0.12519063734426952,0.22252342525663144,0.6545649838882922,0.8358750082837508
BLK,2011,2015,4,1.5640920859556997,0.3894701180088801,0.0948131508809677,0.1732042601144753,0.49958391123439677,0.8952739551433192
BLK,2011,2016,5,0.06724360883692806,0.42011042741574106,0.17913462637311525,0.30384083779154736,0.6855921855921856,0.7060389409380353
BLK,2011,2017,6,1.007287098090251,0.6139124956563469,0.08692414611092798,0.15994519290411788,0.7010494338580502,0.8908207386384932
BLK,2011,2018,7,1.0531471798105216,0.4468795524899042,0.15389272372364066,0.2667366221480711,0.4843102427471877,0.8201077322488826
BLK,2011,2019,8,-4.9504949948384445,0.4212008599877627,0.002401203978301547,0.004790904018813458,0.9975875884214179,0.6592592592592593
BLK,2011,2021,10,2.6875353747817257,0.37749774275092085,0.049873104473680534,0.09500787144877433,0.2544061302681992,0.9492634952334659
BLK,2011,2022,11,3.7475491247001465,0.5644601775929021,0.0192170629994789,0.037709460912917867,0.18138424821002386,0.9807007606826403
BLK,2011,2023,12,2.1803292266911494,0.9946896034473396,0.07416805533499096,0.13809395087970822,0.3199412052915238,0.9231504180195744
BLK,2012,2013,1,6.921809086929597,0.2696383601422351,7.26370612241727e-4,0.001451686761881443,0.2631578947368422,0.999273440905196
BLK,2012,2014,2,6.221841539935185,0.6878799787373375,7.828428546441064e-4,0.0015644609821869383,0.6052631578947368,0.9992162163235315
BLK,2012,2015,3,7.041757369031757,0.26565424311547625,4.662567609733333e-4,9.320789338420019e-4,0.4666666666666667,0.9995335529404434
BLK,2012,2016,4,5.544908891912985,0.7513726776638128,8.82986408319889e-4,0.0017644148622977314,0.7733333333333333,0.9991143455204838
BLK,2012,2017,5,6.484952381166307,0.6061932779577537,5.082273650570587e-4,0.0010159384024167968,0.6666666666666667,0.9994912555192089
BLK,2012,2018,6,6.530812462886578,0.5448801868033909,5.722089052105808e-4,0.0011437633388532164,0.6071428571428572,0.9994272846294987
BLK,2012,2019,7,0.527170288237612,0.3353817967980912,0.004201079732357356,0.008367008992814548,0.9887290882731707,0.9933470861268696
BLK,2012,2021,9,8.165200657857783,0.4967531995688087,2.2749072640230303e-4,4.5487797228426673e-4,0.19999999999999996,0.9997724963348542
BLK,2012,2022,10,9.225214407776203,0.6844994817116747,5.6237428603045576e-5,1.1246853226503781e-4,0.4291742844813582,0.9999437601934649
BLK,2012,2023,11,7.657994509767206,1.0119123050920182,2.3607103812361174e-4,4.7203064348319025e-4,0.5,0.9997638732191821
BLK,2013,2014,1,-0.6999675469944129,0.6266741803518215,0.21604614968684177,0.35532557665262676,0.7341096187561296,0.46457990115321257
BLK,2013,2015,2,0.11994828210215873,0.20943658302263785,0.2432547336854317,0.39131921575611717,0.583746209220612,0.6307969121829474
BLK,2013,2016,3,-1.3769001950166129,0.7967642694482392,0.08970195136678717,0.16463575430745286,0.8969084156820561,0.5914893617021276
BLK,2013,2017,4,-0.43685670576329,0.4311745525468912,0.23037776362430726,0.3744829765871037,0.6917885264341957,0.5229397202146538
BLK,2013,2018,5,-0.3909966240430194,0.6502470141820952,0.23857211975715087,0.3852373486397032,0.6770974368555447,0.5226035681886907
BLK,2013,2019,6,-6.394638798691986,0.42153890748659556,0.0010434020890341207,0.0020846290717399262,0.9989559442890199,0.375
BLK,2013,2021,8,1.2433915709281849,0.6412955773939457,0.20123072941618272,0.33504092842177635,0.25162689804772226,0.7841658945899376
BLK,2013,2022,9,2.3034053208466054,0.8055213402347867,0.0770138747197114,0.14301370953044398,0.21283783783783788,0.9213483225449094
BLK,2013,2023,10,0.7361854228376085,1.239471067521491,0.21618973895259339,0.3555197549007119,0.45108538450963925,0.7371042727473986
BLK,2014,2015,1,0.8199158290965718,0.7187140900867203,0.1767676169534288,0.3004290981613993,0.5087520479342972,0.7836206396192467
BLK,2014,2016,2,-0.6769326480221999,1.1601670961411141,0.10938571743950182,0.19720051505975322,0.8512937192184935,0.7073709580236995
BLK,2014,2017,3,0.2631108412311228,0.5628755513621794,0.1808253145249226,0.3062693732945138,0.6476415403791905,0.7291573114183222
BLK,2014,2018,4,0.30897092295139356,0.9558711392023428,0.21352678354674526,0.3519111179774306,0.5843889638071322,0.6948574969021065
BLK,2014,2019,5,-5.694671251697573,0.6390361473759308,0.0017049736274999082,0.0034041432804823627,0.9982922028582331,0.49230769230769234
BLK,2014,2021,7,1.943359117922598,0.88426257586949,0.09953861850506869,0.18105524777365486,0.2773935202038587,0.8965068250431164
BLK,2014,2022,8,3.0033728678410188,0.7886163008111555,0.04591245634450469,0.08779407122651565,0.07142857142857141,0.9539248186746364
BLK,2014,2023,9,1.4361529698320212,1.3859312460531759,0.13195528251996574,0.23314575152864006,0.393297649522923,0.855701316943785
BLK,2015,2016,1,-1.4968484771187716,0.6047539815467955,0.10474734414641211,0.18963131199441008,0.8839613319714056,0.4815871369294605
BLK,2015,2017,2,-0.5568049878654489,0.48702152295109274,0.11913190453534453,0.2129005598938889,0.8325497707353879,0.7077846132367975
BLK,2015,2018,3,-0.5109449061451782,0.48416003017728526,0.21095482887698092,0.3484107315094765,0.7212838818271519,0.5354177232042553
BLK,2015,2019,4,-6.514587080794144,0.3127828870845046,8.291932669530948e-4,0.0016570125502562603,0.9991702661539824,0.44
BLK,2015,2021,6,1.123443288826026,0.4684952290099313,0.160371200850024,0.276413617870807,0.43674843674843683,0.8168541067866637
BLK,2015,2022,7,2.183457038744447,0.7047218765689546,0.0834040084498521,0.15396658642455568,0.23964053919121317,0.9143444297683885
BLK,2015,2023,8,0.6162371407354496,1.1189030978062344,0.1854661663731081,0.31289997409295156,0.5538130381303813,0.7590713285820073
BLK,2016,2017,1,0.9400434892533227,0.8330311234599842,0.11752082067392136,0.21032417204191395,0.6256132197263103,0.8537604624214324
BLK,2016,2018,2,0.9859035709735934,0.3281420031457649,0.21980279566840863,0.3603907065124646,0.3368391918073623,0.7525734089745697
BLK,2016,2019,3,-5.017738603675373,0.5839980704454387,0.0019714861068916845,0.003935213994066422,0.9980193684696478,0.7007874015748031
BLK,2016,2021,5,2.6202917659447977,0.5077651472951601,0.0478696343064679,0.09136562934787285,0.3266475644699141,0.9509923158609991
BLK,2016,2022,6,3.6803055158632185,0.8390764398656723,0.019306086839078647,0.03788084283681231,0.22991071428571436,0.9805819907417412
BLK,2016,2023,7,2.113085617854221,1.0294989725081465,0.07383614233248013,0.13751845262369472,0.3623453962437013,0.9229302276889184
BLK,2017,2018,1,0.045860081720270646,0.7013640300622849,0.22597888917083908,0.3686505390377062,0.6226994601321112,0.6396117306897976
BLK,2017,2019,2,-5.957782092928696,0.5087716242827722,6.071853993499372e-4,0.0012136338979169031,0.9993916140406671,0.7647058823529412
BLK,2017,2021,4,1.680248276691475,0.8203937662161711,0.13082897765849733,0.23138596594755245,0.26339570274286767,0.8627502085070892
BLK,2017,2022,5,2.7402620266098956,0.9418146821492656,0.05159216580386776,0.09812200486379472,0.19093286835222326,0.9477719415838227
BLK,2017,2023,6,1.1730421286008983,1.4481401063251227,0.14638275817797985,0.25538199547005647,0.4596360509840411,0.8327983174673457
BLK,2018,2019,1,-6.0036421746489665,0.3341545976896921,0.001312174843405094,0.0026209105938621077,0.998686308218484,0.4680851063829787
BLK,2018,2021,3,1.6343881949712042,0.39541211882850724,0.14140122121136947,0.2477677762799313,0.24104756814537678,0.8519498735971436
BLK,2018,2022,4,2.694401944889625,0.7303354983977703,0.05347386634678604,0.10151911320253545,0.1981681931723564,0.9458099710499259
BLK,2018,2023,5,1.1271820468806277,0.9505637295205902,0.2043005700951471,0.3392850176580189,0.30668033487100627,0.7754026770157691
BLK,2019,2021,2,7.638030369620171,0.3764908704925323,2.1406556666131872e-4,4.2803950480348825e-4,0.5555555555555556,0.999785877137924
BLK,2019,2022,3,8.698044119538592,0.5932608401479212,1.669119517627068e-4,3.337681936247793e-4,0,0.9998330880482372
BLK,2019,2023,4,7.130824221529594,1.011873878716821,6.285105745511153e-4,0.0012562315942611522,0.2142857142857143,0.99937138167274
BLK,2021,2022,1,1.0600137499184206,0.3979456430018432,0.19604032741030047,0.32781558099261154,0.36298701298701297,0.7793061839364743
BLK,2021,2023,2,-0.5072061480905766,0.7383783490138088,0.244425104236457,0.3928321654784185,0.6853069407940232,0.47740650969529086
BLK,2022,2023,1,-1.567219898008997,0.7238494202583794,0.150203167300413,0.2611767582816654,0.8421677020202756,0.2434618495551361
JON,2007,2008,1,2.2686273745522336,1.1499169362071846,0.08164665357163996,0.15096732986144687,0.1948818897637796,0.916707241477227
JON,2007,2009,2,-0.6467692843755474,0.6900472972913441,0.24432012916763465,0.3926965793458122,0.7008172220322544,0.42875169869928165
JON,2007,2010,3,-1.338210471056634,0.7482043989679826,0.20123655847526503,0.335049007717007,0.7885313614458489,0.1938360147315371
JON,2007,2011,4,1.258726302053004,0.5418311650907017,0.13679249203499882,0.2406639610895448,0.4559870550161812,0.8454918662711951
JON,2007,2012,5,2.5730339650751994,1.1852982497385687,0.03813622359165482,0.0734705575723278,0.48182957393483705,0.9604616838470709
JON,2007,2013,6,2.1220315463999575,1.286427105988504,0.03779095385408789,0.07282960737659552,0.6595915098117742,0.9592231388527964
JON,2007,2014,7,-1.088740840983569,0.9891584206233428,0.21429041275000782,0.35294754944939993,0.7641180742726845,0.2993053458169738
JON,2007,2015,8,-1.5704233967621872,1.4890607042449273,0.0760810147048943,0.14140387882553407,0.91459508921763,0.5893147938673461
JON,2007,2016,9,3.9947253525278126,3.2144929845817054,0.00606307661170967,0.012053074509263031,0.6666666666666667,0.993862499112115
JON,2007,2017,10,4.6959328652298185,3.0593168037299776,0.0045698350390623544,0.009098093292607494,0.4973262032085562,0.9954094098941829
JON,2007,2018,11,3.287958035700088,3.279312003219972,0.00761377676562741,0.015112490402954041,0.7900262467191601,0.9921616801791553
JON,2007,2019,12,2.5533254706106985,3.3093544294699564,0.003940074762573649,0.007849222999700367,0.945645055664702,0.9957699656611808
JON,2007,2021,14,5.0753576697947445,4.108539570318869,1.5026560941735096e-4,3.00486066112856e-4,0.9758064516129032,0.999848818120614
JON,2007,2022,15,5.470382355320717,3.8894252411751316,6.828806475862562e-4,0.0013648292796701665,0.8372093023255814,0.9993147126522937
JON,2007,2023,16,3.1625170961359825,3.923568964426426,0.00806850017603247,0.016007841083465098,0.8028634361233481,0.9916573608589355
JON,2008,2009,1,-2.9153966589277807,1.5175722371031568,0.03800770591047387,0.07323203034824476,0.9614000363100629,0.2875939849624061
JON,2008,2010,2,-3.606837845608868,0.6361838251145828,0.02557102576005887,0.04986690364250098,0.9743899160222207,0.05628517823639771
JON,2008,2011,3,-1.0099010724992297,1.2621772649486143,0.21582669886419342,0.355028720895528,0.7578251439458253,0.33515024458420684
JON,2008,2012,4,0.3044065905229659,1.7021504846743174,0.13717473341580877,0.2412553311024907,0.7158229078887665,0.7904020824435852
JON,2008,2013,5,-0.1465958281522759,1.6951821891841208,0.1017228516426193,0.18466141732642666,0.827928524156188,0.8007608671559201
JON,2008,2014,6,-3.3573682155358027,2.056579507449669,0.02662012760294984,0.05185974224975511,0.9731670745675652,0.22953216374269
JON,2008,2015,7,-3.8390507713144206,2.4331221517287545,0.011356683470931576,0.02245831496748692,0.9885292582719686,0.4668246445497631
JON,2008,2016,8,1.726097977975579,3.7569907529143367,0.02330059224593687,0.04554007380137796,0.8492922564529559,0.9731774081954475
JON,2008,2017,9,2.427305490677585,3.584146843970842,0.0239471215797035,0.04677413720888021,0.7116768123962369,0.9745484526828246
JON,2008,2018,10,1.0193306611478543,3.7916977922785717,0.028776843835395492,0.05594380162778974,0.8945084745762713,0.9619348197219639
JON,2008,2019,11,0.2846980960584651,3.838185916482945,0.010699685273155068,0.02117282795089292,0.9753404240905087,0.9814500479522451
JON,2008,2021,13,2.806730295242511,4.195141421377263,0.0028918703125578467,0.005767063026757962,0.9493775933609958,0.9969422969342588
JON,2008,2022,14,3.201754980768483,3.8490850363715428,0.0073022893073357445,0.01449870487707739,0.8145933014354066,0.9924556661199384
JON,2008,2023,15,0.893889721583749,3.22012743511498,0.049465628807454816,0.09426822079664365,0.837640897187749,0.9335851388157694
JON,2009,2010,1,-0.6914411866810868,1.1158348206115873,0.26982046973800833,0.4249742009493329,0.6810879437472533,0.3632630838873509
JON,2009,2011,2,1.9054955864285512,0.6336055061644047,0.07059998311560556,0.1318886311022518,0.4907292954264524,0.924246539626488
JON,2009,2012,3,3.219803249450747,0.955357058578238,0.02360049426056945,0.04611270587089355,0.4,0.9760222478717748
JON,2009,2013,4,2.768800830775505,1.02400394054403,0.02351269831290873,0.045945103273590096,0.6108562691131498,0.9755862149767159
JON,2009,2014,5,-0.4419715566080219,0.7279829024488379,0.3168123782174538,0.48118074139964756,0.6047658577078958,0.3851059901850519
JON,2009,2015,6,-0.92365411238664,0.9877213887960993,0.09524355063352427,0.1739221391962223,0.8785096928560965,0.6940295295826968
JON,2009,2016,7,4.64149463690336,2.8767242979851138,0.003341794498592557,0.006661328207228877,0.6512820512820513,0.9966372173909707
JON,2009,2017,8,5.3427021496053655,2.629025891038327,0.002607695388868725,0.005201826000063387,0.4536082474226805,0.9973866470176416
JON,2009,2018,9,3.9347273200756354,2.8350462909609675,0.006238474483080469,0.012399594412816036,0.6766917293233083,0.9936789903738166
JON,2009,2019,10,3.200094754986246,2.804972083480415,0.006015675552318753,0.011959407191177317,0.8473091364205256,0.9937765736017629
JON,2009,2021,12,5.7221269541702915,3.750625672255082,2.5099118205668e-4,5.018564025816533e-4,0.923076923076923,0.9997482505753151
JON,2009,2022,13,6.117151639696264,3.5607183345759434,8.31755795398918e-4,0.0016621291052818165,0.6222222222222222,0.9991671031769972
JON,2009,2023,14,3.80928638051153,3.8474789402778655,0.007264982647291203,0.01442516670875899,0.6673684210526315,0.9926275570204961
JON,2010,2011,1,2.596936773109638,0.9294272051210783,0.062488730504972306,0.1176270932780117,0.15175817396668717,0.9368047592178448
JON,2010,2012,2,3.9112444361318337,1.496733080069003,0.014574389091693618,0.02873005518055993,0.2679425837320574,0.9853474480874269
JON,2010,2013,3,3.4602420174565918,1.5031274640798022,0.014820993620114215,0.02920907965698288,0.5206106870229007,0.9849365540370475
JON,2010,2014,4,0.24946963007306494,1.6134614640066862,0.24724111145902472,0.3964608112858013,0.5473716759431045,0.6473056979292926
JON,2010,2015,5,-0.23221292570555313,2.0446236244500624,0.0884638975814672,0.162548152084844,0.8542936811758589,0.8162077567888957
JON,2010,2016,6,5.332935823584447,3.634312851808046,0.0015385105398547832,0.0030722943225128443,0.6804123711340206,0.9984564334483721
JON,2010,2017,7,6.034143336286452,3.5165601967826796,0.001367480530699236,0.002731226162795912,0.42857142857142866,0.9986311155271517
JON,2010,2018,8,4.626168506756723,3.735878571491197,0.001456706201126319,0.0029091745895878265,0.8500000000000001,0.998531169086641
JON,2010,2019,9,3.8915359416673327,3.7092655824837317,6.506041703538922e-4,0.0013003623195597077,0.9675,0.9993365460632962
JON,2010,2021,11,6.413568140851378,4.35792210483037,0,0,1,1
JON,2010,2022,12,6.8085928263773505,4.065112998200855,1.0028529786478311e-4,2.0055048346459504e-4,0.9090909090909091,0.9998996140297659
JON,2010,2023,13,4.500727567192617,3.6547664340193045,0.002358199348800574,0.004705302655941996,0.7857142857142857,0.9976212320850568
JON,2011,2012,1,1.3143076630221957,0.7582500654134571,0.1709111996040337,0.29192854191134326,0.3107314468766684,0.8148209297230045
JON,2011,2013,2,0.8633052443469537,0.7837603294953641,0.18863152745550532,0.31739277160064466,0.4650369528140989,0.7743709160612239
JON,2011,2014,3,-2.3474671430365732,0.9026208685822749,0.06606191654424562,0.12393635964108433,0.932106978999683,0.2899038461538462
JON,2011,2015,4,-2.829149698815191,1.3605583563244408,0.02939677225846198,0.057114560781002736,0.9697560394240288,0.4879377431906616
JON,2011,2016,5,2.7359990504748084,2.9054320645462024,0.02922944329001116,0.05679869242095718,0.5335365853658536,0.9697595466928248
JON,2011,2017,6,3.4372065631768147,2.893865721650629,0.016213791652458936,0.03191019800290998,0.48784194528875374,0.983531874662815
JON,2011,2018,7,2.029231733647084,3.1445598052004295,0.02764477637394844,0.05380220288083052,0.7684288905435592,0.969563113000565
JON,2011,2019,8,1.2945991685576947,3.1712531149266106,0.003210802615369666,0.00640105271394428,0.9851190476190476,0.9959225048628957
JON,2011,2021,10,3.8166313677417403,3.858547023653076,0,0,1,1
JON,2011,2022,11,4.2116560532677125,3.646183667252841,9.618008211232911e-4,0.0019217532983462362,0.9342105263157895,0.9990248814270902
JON,2011,2023,12,1.9037907940829786,3.973667589643672,0.01069347454348756,0.021160668022156992,0.9184120037511723,0.9878431675624394
JON,2012,2013,1,-0.45100241867524193,0.36833710863090835,0.3517231783408465,0.5204071129009774,0.5740495618767721,0.3313067627411244
JON,2012,2014,2,-3.6617748060587685,1.1919433362473937,0.01808978376585319,0.03553671602309997,0.9817752282549134,0.2905027932960894
JON,2012,2015,3,-4.1434573618373864,1.1883079821547675,0.014846224955285264,0.02925807790424485,0.9851388289864977,0.06344410876132923
JON,2012,2016,4,1.421691387452613,2.2041402963297143,0.11042841529209872,0.1988933528201374,0.4884339815762538,0.8765562905929197
JON,2012,2017,5,2.122898900154619,2.39806693997364,0.03973772561328056,0.07643797976040852,0.6424489795918367,0.9572068019357681
JON,2012,2018,6,0.7149240706248885,2.68794565844279,0.061446673606157284,0.11577910625957016,0.8237823782378239,0.9137891837895391
JON,2012,2019,7,-0.019708494464500997,2.6585548537318653,0.047325319760162465,0.09037367638739026,0.9105081696897016,0.9087269252808726
JON,2012,2021,9,2.502323704719545,3.2866069395898094,0.0032086614588218067,0.006396797759213746,0.9577464788732394,0.9965396699112591
JON,2012,2022,10,2.897348390245517,3.124572854606563,0.011152184477434443,0.022058369943982106,0.7890556045895851,0.9883623424616664
JON,2012,2023,11,0.5894831310607831,3.9451226994299797,0.019235335155388097,0.03774463951930309,0.9470998265090284,0.9706608298793834
JON,2013,2014,1,-3.210772387383527,1.2719310411582156,0.030726035124098626,0.059620178548025586,0.9689878053312615,0.23095238095238096
JON,2013,2015,2,-3.692454943162145,1.3665391804434588,0.017342119999106665,0.03409299518459315,0.9825288609862197,0.2986512524084779
JON,2013,2016,3,1.8726938061278549,2.38272577778414,0.0714923608879016,0.13344446213066577,0.49919639987142395,0.9230219587672257
JON,2013,2017,4,2.573901318829861,2.5391693350641016,0.03484471469316844,0.06734288574590613,0.5246636771300448,0.963761529236683
JON,2013,2018,5,1.1659264893001304,2.838323469935968,0.04344026814742483,0.08326354554928346,0.8247762600094206,0.9453943595559208
JON,2013,2019,6,0.431293924210741,2.819753516074703,0.015943591171768426,0.03138676460054128,0.9601506118606841,0.974111130512673
JON,2013,2021,8,2.953326123394787,3.3514483291790818,6.678626935504072e-4,0.0013348339013360257,0.9865384615384616,0.9992977666388688
JON,2013,2022,9,3.3483508089207588,3.153045257053876,0.006245545612622032,0.012413561759062738,0.817174515235457,0.9935750987966349
JON,2013,2023,10,1.040485549736025,3.9416907300520596,0.010993962750093131,0.021748819785604834,0.9583445825352025,0.985283844828389
JON,2014,2015,1,-0.481682555778618,0.826709697984742,0.21041697102844648,0.3476768354456613,0.7187740940632228,0.5447526772083506
JON,2014,2016,2,5.083466193511382,2.8352281067148786,0.004753525469419527,0.009462072735099261,0.23199999999999998,0.9952396388384689
JON,2014,2017,3,5.784673706213388,2.71267890434136,0.0026268697534960464,0.005239974775744606,0.1451612903225806,0.9973719579499464
JON,2014,2018,4,4.376698876683657,2.925280912070676,0.005655452939082787,0.011247297317494612,0.546875,0.9943056802155852
JON,2014,2019,5,3.642066311594268,2.9419632691891664,0.002939022363497644,0.005860819646984374,0.8852140077821011,0.9969928188473546
JON,2014,2021,7,6.164098510778314,4.007612811823823,0,0,1,1
JON,2014,2022,8,6.559123196304285,3.8943100690036534,2.928696715792691e-4,5.855678480951792e-4,0.7931034482758621,0.9997068011637411
JON,2014,2023,9,4.251257937119552,4.501987107522201,0.002631935572013841,0.005250053341882213,0.8131147540983606,0.9973375764071845
JON,2015,2016,1,5.56514874929,2.239996913872183,0.003629379362378312,0.007232509205109389,0.05194805194805202,0.9963698987190095
JON,2015,2017,2,6.266356261992006,2.0925240265688188,0.0017990016033111694,0.0035915420167758,0.05263157894736845,0.998200818578341
JON,2015,2018,3,4.858381432462275,2.2935017144789396,0.0060330035344433874,0.011993649340027515,0.2215189873417721,0.9939566217478132
JON,2015,2019,4,4.1237488673728855,2.189476868467796,0.006065331645316982,0.012057530370115732,0.6214511041009464,0.9938736669074391
JON,2015,2021,6,6.645781066556932,3.500561430465741,2.0769217358870625e-4,4.152980930137872e-4,0.84,0.9997920811150042
JON,2015,2022,7,7.040805752082904,3.463919362737395,6.177851034975604e-4,0.0012348073614015576,0.29411764705882354,0.9993820558312098
JON,2015,2023,8,4.7329404928981695,4.4007961682548125,0.0028852925266684214,0.0057539831288166915,0.6702127659574468,0.9970976893131349
JON,2016,2017,1,0.701207512702006,1.6844080253877103,0.17611566656952463,0.2994869834243701,0.5483458054352107,0.7759858279234145
JON,2016,2018,2,-0.7067673168277244,1.9663870406335195,0.13338890687281305,0.23538064659703206,0.8242605607411693,0.6437011816543161
JON,2016,2019,3,-1.4413998819171139,1.8377831275960896,0.11678400033786049,0.20914339801166537,0.8706870218500936,0.45344467640918584
JON,2016,2021,5,1.0806323172669319,2.387745714591278,0.05562131477318624,0.10538118924803483,0.7920543494313986,0.9294272259845204
JON,2016,2022,6,1.475657002792904,2.6295747560827665,0.04292036592633951,0.08230804063015285,0.7788420604512558,0.9494369990621454
JON,2016,2023,7,-0.8322082563918299,4.917581934392093,0.00773521115446622,0.015351673869973693,0.9889845028224195,0.9746821071752952
JON,2017,2018,1,-1.4079748295297305,0.5300550261655603,0.19941514021139367,0.33252063197442594,0.79306605693247,0.15412257935715712
JON,2017,2019,2,-2.14260739461912,0.8249243745412997,0.10391954653639006,0.18827376843257013,0.8948162964495744,0.10366361365528727
JON,2017,2021,4,0.37942480456492583,1.7945649265820365,0.18855691998019547,0.31728715185695494,0.6095077644301201,0.7328037836452146
JON,2017,2022,5,0.7744494900908979,1.948483967511699,0.1399947455952819,0.24560594886282483,0.6107885569513355,0.8205900768200164
JON,2017,2023,6,-1.533415769093836,4.040786886911995,0.023310390672114996,0.04555878819290523,0.972304874315625,0.8716613852421911
JON,2018,2019,1,-0.7346325650893895,0.8035608901924047,0.2991594722466312,0.46054311058410086,0.6592713985793037,0.2896776825785394
JON,2018,2021,3,1.7873996340946563,1.7866444504699475,0.07052275273705179,0.13175386054475388,0.5405810122791255,0.9230956080879492
JON,2018,2022,4,2.1824243196206283,2.009172871730883,0.0524773862856826,0.0997216414708567,0.5079844626672422,0.9445164835178368
JON,2018,2023,5,-0.12544093956410549,4.038947637726102,0.034336685488926946,0.06639363366039004,0.937520010098208,0.9291696710854734
JON,2019,2021,2,2.5220321991840455,2.0903155732390344,0.05378153804327355,0.10207341104711024,0.31335830212234705,0.9448652377556334
JON,2019,2022,3,2.917056884710018,2.292108741449569,0.03677838021293319,0.07094742891027427,0.3087308730873087,0.9626074181765644
JON,2019,2023,4,0.609191625525284,4.1619073275684695,0.032581803984901146,0.06310745329650912,0.9104207294123922,0.9512876635775159
JON,2021,2022,1,0.3950246855259721,0.6104811592983922,0.3979543896029827,0.5693381594745752,0.2927622074544929,0.523559777482314
JON,2021,2023,2,-1.9128405736587617,3.662033222164734,0.033911021789921524,0.06559756318530056,0.9623581388310978,0.7450780719619824
JON,2022,2023,1,-2.3078652591847337,3.1633901741545154,0.055256587589746976,0.10472635421486538,0.9424280809431946,0.42123287671232873
RAN,2007,2008,1,-1.6198855481580068,1.140776393144818,0.10670819595438598,0.19283890070474197,0.8844970818434804,0.41642011834319526
RAN,2007,2009,2,0.8550931199234328,1.0780651154584755,0.12323909386235851,0.2194351933364246,0.6322712325660506,0.843625698573921
RAN,2007,2010,3,-2.273773130952906,0.7234610918054888,0.07409334519443768,0.13796444326917404,0.9239179139817294,0.2607871028923661
RAN,2007,2011,4,-2.438314705948811,0.8383053752228051,0.07038292377974918,0.13150980311085708,0.9285041782466925,0.18110676355505875
RAN,2007,2012,5,-3.3352011701998006,1.408792197422609,0.019964151536658564,0.039146771004806305,0.9797296566934175,0.4307270233196159
RAN,2007,2013,6,-1.1080965121727573,1.2218817081681121,0.10084640476693324,0.18321612230415385,0.8781441598725721,0.6309488619568431
RAN,2007,2014,7,-2.505406713526275,1.425794196282487,0.04893329498610069,0.09330106160229969,0.9495408085481878,0.38194859533771663
RAN,2007,2015,8,-5.90695742109805,2.2773162121372206,0.001729485504510158,0.0034529990971347347,0.998268803593152,0.36363636363636365
RAN,2007,2016,9,-8.111283633704074,2.463734066406589,5.000971943152497e-5,1.0001443716910801e-4,0.9999499777725808,0.8333333333333333
RAN,2007,2017,10,-7.185567208114412,2.342401790375421,0,0,1,1
RAN,2007,2018,11,-7.183720501823146,2.4417735749797718,1.0111207863216311e-4,2.0220371202669604e-4,0.9998988214239228,0.8666666666666666
RAN,2007,2019,12,-5.842079599212287,2.1266942816852414,2.4534813242420994e-4,4.905759029668146e-4,0.9997540000267284,0.9152542372881356
RAN,2007,2021,14,-0.4330949127676947,2.263494220726486,0.04111106032016488,0.07897535985742445,0.9349046015712683,0.8996214263295734
RAN,2007,2022,15,-8.794843842822106,2.2181535840459254,0,0,1,1
RAN,2007,2023,16,-3.590277100734576,1.8577775840391162,0.0066013147474332685,0.01311604634470323,0.9932610364828643,0.7557522123893806
RAN,2008,2009,1,2.4749786680814396,0.8514892591750397,0.07447370098727725,0.13862359017041978,0.1071633237822349,0.9248545925395
RAN,2008,2010,2,-0.6538875827948997,0.8844939663444341,0.19525620064696403,0.3267185738777618,0.7516905806642054,0.5225004536381782
RAN,2008,2011,3,-0.8184291577908045,0.9610870255186196,0.17579683674895186,0.29902587122963453,0.7845333131753865,0.5115508021390375
RAN,2008,2012,4,-1.715315622041794,0.6792343737303086,0.08711796532755796,0.16027325112101992,0.9054462402217391,0.4744295830055075
RAN,2008,2013,5,0.5117890359852493,0.6149422901235276,0.24078240716847393,0.38811383168778346,0.4822031462644248,0.6896210547145543
RAN,2008,2014,6,-0.8855211653682683,0.9716177806292167,0.16499212720170126,0.2832502011803472,0.7999546676410304,0.5150406039117008
RAN,2008,2015,7,-4.287071872940044,1.7056909803239257,0.00812620145327588,0.01612139718531561,0.9918285061873152,0.40549828178694153
RAN,2008,2016,8,-6.491398085546068,1.9358803452696813,3.3132597548557387e-4,6.624324698868692e-4,0.9996682814996727,0.7812499999999999
RAN,2008,2017,9,-5.565681659956405,2.510896932988798,1.883011835652928e-4,3.7653146580992404e-4,0.9998110137796019,0.9506172839506174
RAN,2008,2018,10,-5.56383495366514,2.7956344790126013,4.71553226485601e-5,9.430619825791359e-5,0.9999526661137772,0.9876543209876544
RAN,2008,2019,11,-4.22219405105428,1.80442379642981,6.532073509522928e-4,0.001305561899274856,0.9993376450840759,0.9548387096774192
RAN,2008,2021,13,1.186790635390312,1.8332912333446425,0.10049551916000729,0.18263685296367968,0.6094723041625697,0.8808112637744846
RAN,2008,2022,14,-7.174958294664099,1.6221252132100308,1.912695957129206e-4,3.824660373015126e-4,0.9998086205890994,0.75
RAN,2008,2023,15,-1.9703915525765696,1.6128884979845342,0.03880826127232045,0.07471688995770699,0.9574337032783499,0.6946513202437373
RAN,2009,2010,1,-3.1288662508763387,0.8696527573557307,0.04105463490757931,0.07887123985807715,0.9588383858988533,0.05953693495038586
RAN,2009,2011,2,-3.293407825872244,0.9459726006861275,0.036028118530281886,0.0695504646754022,0.9639336637568615,0.028571428571428532
RAN,2009,2012,3,-4.190294290123234,1.1745364421219795,0.01109496325186669,0.021946431651055316,0.9888606296264436,0.26433121019108285
RAN,2009,2013,4,-1.9631896320961901,0.6756109139806274,0.1142451407703476,0.20506284764475213,0.8830721543231782,0.16723901098901098
RAN,2009,2014,5,-3.360499833449708,1.1903359110008394,0.026648702246425637,0.05191396470499638,0.9731418456925411,0.22638888888888892
RAN,2009,2015,6,-6.762050541021483,2.0789225587350546,6.535455973434047e-4,0.001306237508913774,0.9993461256821322,0.4347826086956522
RAN,2009,2016,7,-8.966376753627507,2.135490498467724,6.381082271004934e-5,1.2761350229752817e-4,0.9999361851052091,0.5
RAN,2009,2017,8,-8.040660328037845,2.4157641883696988,5.3668293161946204e-5,1.0733082606165402e-4,0.999946317301544,0.8333333333333335
RAN,2009,2018,9,-8.038813621746579,2.6910146982498193,0,0,1,1
RAN,2009,2019,10,-6.697172719135719,1.7067726658257496,1.4796690336836823e-4,2.9589002480602837e-4,0.9998518723647234,0.8799999999999999
RAN,2009,2021,12,-1.2881880326911275,1.8788712461914194,0.07104602995105921,0.13266662302890123,0.9153739500474541,0.6931281692603601
RAN,2009,2022,13,-9.649936962745539,1.8982725549547412,0,0,1,1
RAN,2009,2023,14,-4.445370220658009,1.6836026659993801,0.005132574735702051,0.010212731861867384,0.9948337222953848,0.5596707818930041
RAN,2010,2011,1,-0.16454157499590505,0.2272435937830883,0.39008133052995075,0.5612352629485892,0.48133934567782793,0.3885755498584507
RAN,2010,2012,2,-1.0614280392468944,1.0661853354864803,0.0856799039436649,0.15783640027311543,0.8937791479961045,0.6929690750242685
RAN,2010,2013,3,1.1656766187801488,0.8495279517115689,0.1624063879332785,0.27943134108550777,0.412063492063492,0.8167333229741116
RAN,2010,2014,4,-0.23163358257336888,1.0509985922389482,0.15438077282360357,0.2674694112341975,0.7601820143703841,0.6976716056849108
RAN,2010,2015,5,-3.633184290145144,2.182228805630808,0.003052617290843452,0.006086654355358349,0.9968762319529848,0.8818181818181818
RAN,2010,2016,6,-5.837510502751169,2.4813891934894046,4.783364099734575e-5,9.566270609915113e-5,0.9999520291662669,0.9835496225961081
RAN,2010,2017,7,-4.911794077161505,2.577641863147727,9.550598496782142e-5,1.9099372889144238e-4,0.9999038003480223,0.9869281045751633
RAN,2010,2018,8,-4.90994737087024,2.691944198976347,2.870986723703481e-4,5.740325407603466e-4,0.9997108675941481,0.9607843137254902
RAN,2010,2019,9,-3.5683064682593804,2.1159217719399077,2.80452949603103e-4,5.607486355973669e-4,0.9997117181235654,0.989778534923339
RAN,2010,2021,11,1.8406782181852115,2.2963371646779964,0.019137307290120212,0.03755589586060036,0.8629057674125433,0.9782418086527025
RAN,2010,2022,12,-6.521070711869199,2.2089208964929115,9.800481747805967e-5,1.9599042695009865e-4,0.9999018605285481,0.9333333333333333
RAN,2010,2023,13,-1.3165039697816698,2.012744384142768,0.003988113818499869,0.007944543891723478,0.9949628777393561,0.981209735146743
RAN,2011,2012,1,-0.8968864642509895,1.1480842687734456,0.08953430220901513,0.16435334257487005,0.8843086004030885,0.7163296677308738
RAN,2011,2013,2,1.3302181937760538,0.9377219790689814,0.1475124606998095,0.25709953617383663,0.38529191616766467,0.837459158758521
RAN,2011,2014,3,-0.0670920075774639,1.1519466225323547,0.12814624025389257,0.2271801929243728,0.780190763822328,0.7649373511442477
RAN,2011,2015,4,-3.468642715149239,2.32776960354183,0.0016868007385299145,0.0033679204663299134,0.9982635687548277,0.9442724458204333
RAN,2011,2016,5,-5.672968927755264,2.6493490140346427,1.447759041729181e-4,2.895098942891235e-4,0.9998547474368807,0.9577464788732394
RAN,2011,2017,6,-4.7472525021656,2.8000254184248745,9.610847023162722e-5,1.9219846856246005e-4,0.9999030670569654,0.988826815642458
RAN,2011,2018,7,-4.745405795874334,2.913923767083247,1.9151761548114e-4,3.829618870148588e-4,0.999806854793304,0.9777777777777779
RAN,2011,2019,8,-3.4037648932634754,2.3050605447028607,4.6724302474119406e-4,9.340496213120679e-4,0.9995174476141087,0.9854862119013061
RAN,2011,2021,10,2.0052197931811166,2.4800162443801623,0.016038699735924877,0.03157104102450711,0.8669639539204758,0.9820892637871156
RAN,2011,2022,11,-6.356529136873294,2.3810791946902543,0,0,1,1
RAN,2011,2023,12,-1.151962394785765,2.206610613866153,0.007941112836574674,0.015757096789566574,0.9896317041586409,0.9671905997253166
RAN,2012,2013,1,2.2271046580270433,0.5335471538491586,0.07367323196055445,0.13723585494634205,0.2950894905920148,0.9239823006225328
RAN,2012,2014,2,0.8297944566735256,0.4316207198799594,0.1489665111447683,0.25930522726262245,0.5730737267007006,0.8138008351532054
RAN,2012,2015,3,-2.5717562508982494,1.2716459892660508,0.03631357633541735,0.0700822167433691,0.9622817072255373,0.5063131313131313
RAN,2012,2016,4,-4.776082463504275,1.7396621596547572,0.0010579401053879341,0.0021136441019119385,0.998934270043416,0.8735632183908045
RAN,2012,2017,5,-3.8503660379146107,2.6230759447762364,1.4171312638240055e-4,2.833860932355554e-4,0.9998552928661673,0.9931972789115646
RAN,2012,2018,6,-3.8485193316233453,2.8440126464586224,5.68120532518986e-4,0.0011355959096850353,0.9994201015507667,0.9727891156462586
RAN,2012,2019,7,-2.506878429012486,1.858593536854923,0.0012951332206282676,0.0025869160403536972,0.9986010962809653,0.9828402366863905
RAN,2012,2021,9,2.902106257432106,1.9483922440976253,0.014390861595035357,0.028373405439412306,0.7274384685505925,0.9850343416248732
RAN,2012,2022,10,-5.459642672622305,1.5121204721186827,5.299115289729015e-4,0.0010592617429360212,0.99946811550896,0.8749999999999999
RAN,2012,2023,11,-0.25507593053477534,1.7484923443761755,0.04920684432088929,0.09379817637910848,0.9167607940623641,0.8925748428455841
RAN,2013,2014,1,-1.3973102013535177,0.5637130820550239,0.17015196506532088,0.29082028684338035,0.8186355768596554,0.2665066026410564
RAN,2013,2015,2,-4.798860908925293,1.5604136130164228,0.004549553168792169,0.009057896953795604,0.9954337369422325,0.4457831325301204
RAN,2013,2016,3,-7.003187121531318,1.83416631422591,2.523288811558986e-4,5.045304547066521e-4,0.9997475054685213,0.7222222222222222
RAN,2013,2017,4,-6.0774706959416545,2.505443011803363,4.9757284611787336e-5,9.950961789519544e-5,0.99995013105494,0.9782608695652174
RAN,2013,2018,5,-6.0756239896503885,2.7512460321450534,1.994260247400976e-4,3.9877252386098604e-4,0.9998001555062338,0.9130434782608695
RAN,2013,2019,6,-4.733983087039529,1.6909896869486363,5.911811172522138e-4,0.0011816636572633103,0.9994039739416705,0.9322033898305085
RAN,2013,2021,8,0.6750015994050627,1.846441331786808,0.049275151611670565,0.09392226917026422,0.8608055009823182,0.9291283404644779
RAN,2013,2022,9,-7.686747330649348,1.6075128657800153,0,0,1,1
RAN,2013,2023,10,-2.482180588561819,1.6751133196747579,0.02112003958742722,0.04136641877278317,0.977588484779932,0.7317939609236234
RAN,2014,2015,1,-3.4015507075717752,1.3066447984358145,0.01631004011234623,0.032096583657765035,0.9834169540860113,0.5023328149300155
RAN,2014,2016,2,-5.6058769201778,1.7962892008624096,3.612447240384732e-4,7.22228546824856e-4,0.9996375581999567,0.9014084507042254
RAN,2014,2017,3,-4.6801604945881365,2.5567230466389836,4.6239355017037493e-4,9.243596823855772e-4,0.9995335322738801,0.9497206703910613
RAN,2014,2018,4,-4.678313788296871,2.7236980032319997,7.207822439998659e-4,0.0014405261823055091,0.9992730422986041,0.9217877094972068
RAN,2014,2019,5,-3.3366728856860113,1.7869307107318098,0.0019055240570895113,0.0038037998819955257,0.9980304778984073,0.9446064139941691
RAN,2014,2021,7,2.0723118007585803,1.969804919630554,0.026541473471513005,0.05171047474926894,0.7687723480333731,0.9708897329709362
RAN,2014,2022,8,-6.28943712929583,1.6043168574119013,1.0586072536346701e-4,2.1169904011298892e-4,0.9998939540439564,0.9428571428571427
RAN,2014,2023,9,-1.084870387208301,1.839636132494181,0.039001622437439,0.07507519063530123,0.9497767400684688,0.8513865481844645
RAN,2015,2016,1,-2.204326212606025,0.8218594881474076,0.004231568951550565,0.008427476455392567,0.9953213817944374,0.957592339261286
RAN,2015,2017,2,-1.2786097870163613,2.378748231879772,0.0013398406007941407,0.002676095659971443,0.9982894074067614,0.9938561619082039
RAN,2015,2018,3,-1.276763080725096,2.6442032806611193,0.0016547213791016251,0.003303975599143318,0.997887208800311,0.9924256086564474
RAN,2015,2019,4,0.06487782188576353,1.6769581392785302,0.0026108662542509817,0.005208134765195922,0.9946173181165777,0.9949554476450898
RAN,2015,2021,6,5.473862508330355,1.6671814439963935,0.002725281050198441,0.005435748158945656,0.34939759036144585,0.9972707244452542
RAN,2015,2022,7,-2.8878864217240556,0.8432852151541882,0.0034430751891907797,0.006862522198464754,0.9963776389261779,0.9349593495934959
RAN,2015,2023,8,2.316680320363474,1.5573514892920493,0.026829954924210087,0.052257834504234726,0.708872901678657,0.9712947619821577
RAN,2016,2017,1,0.9257164255896636,2.017715435824091,0.00220324526062167,0.004396803285243242,0.9922535456878989,0.9969304873441631
RAN,2016,2018,2,0.927563131880929,2.420281923513216,0.0015447571089796494,0.0030847490299658405,0.9945579776370866,0.9978475911339073
RAN,2016,2019,3,2.2692040344917883,1.365737994758487,0.0012989617706497323,0.0025945533157304187,0.9861558534552415,0.9985685921411092
RAN,2016,2021,5,7.67818872093638,1.2594636982037535,2.0564153586116846e-4,4.111985122287384e-4,0.5555555555555556,0.9997943055899958
RAN,2016,2022,6,-0.6835602091180306,0.475847646080192,0.0038345459870246204,0.007639796821804507,0.9942517537022603,0.9886131973135708
RAN,2016,2023,7,4.521006532969499,1.1355484179084863,0.0026269548135873606,0.005240144005655175,0.7565217391304347,0.997351426673085
RAN,2017,2018,1,0.0018467062912655295,0.6264049736338996,0.0036223427568259125,0.007218537496636009,0.9927747910858813,0.992788121612067
RAN,2017,2019,2,1.3434876089021248,1.4158346597148657,0.0019445938548525927,0.003881639497391804,0.9906212096454843,0.9975527543057672
RAN,2017,2021,4,6.752472295346717,1.4928915576739785,6.090450564380067e-4,0.00121734869267278,0.4782608695652174,0.9993906147290659
RAN,2017,2022,5,-1.609276634707694,1.8609227487684254,0.0013792079927284473,0.0027546167959550095,0.9983471854930109,0.9917372601684136
RAN,2017,2023,6,3.5952901073798356,1.2971455771281295,0.004488613995826852,0.008937112742316261,0.8327586206896551,0.9954087696118797
RAN,2018,2019,1,1.3416409026108593,1.8708318598148561,0.0014296452829065441,0.0028552086302631183,0.9931113590156724,0.9981991965646211
RAN,2018,2021,3,6.750625589055451,2.0195343619182307,1.524727725613647e-4,3.0489905631826117e-4,0.8695652173913043,0.9998473720834279
RAN,2018,2022,4,-1.6111233409989598,2.2891180357350063,6.49379283658875e-4,0.0012979157277322256,0.9992214691335409,0.9961007793449205
RAN,2018,2023,5,3.59344340108857,1.7500942124741714,0.001522658997449334,0.003040688063859795,0.9432013769363168,0.9984378412441693
RAN,2019,2021,2,5.408984686444592,0.4562950766699498,8.519162339871903e-4,0.0017023821809579718,0.8089887640449439,0.9991449988227437
RAN,2019,2022,3,-2.952764243609819,1.0888829174584647,0.0012302613350784423,0.002457499303782459,0.9987071154822922,0.9752298319979303
RAN,2019,2023,4,2.2518024984777107,1.2019271683441741,0.005419984798185991,0.010781533846821085,0.943370786516854,0.9940420736489777
RAN,2021,2022,1,-8.36174893005441,0.9308434853005532,2.3363536433347782e-4,4.6716158320026207e-4,0.9997663646356665,0
RAN,2021,2023,2,-3.1571821879668813,1.121172826209353,0.024646255974890632,0.048106858013044054,0.9749232068535363,0.41058823529411775
RAN,2022,2023,1,5.20456674208753,0.9738426347882745,0.0017922983549510261,0.003578183537434196,0.6724137931034483,0.9982010835606265
RKB,2007,2008,1,1.374028114225882,0.8076197562428994,0.10236760265714327,0.1857231696766065,0.5402204981625153,0.8836364995038123
RKB,2007,2009,2,3.4401544820121472,0.48871807501791137,0.023965828275789913,0.04680982043345117,0.24655436447166923,0.9758447346273765
RKB,2007,2010,3,1.8699672554604876,0.9074329636703309,0.05414844432971093,0.10273400225741768,0.6153595834689228,0.9407158693223555
RKB,2007,2011,4,1.8468313364112923,0.8799839965311025,0.0791107944963027,0.14662219097387363,0.46191860465116275,0.9151250917584793
RKB,2007,2012,5,1.6293504877522436,2.1018481485819556,0.029788639765381764,0.057853890818155757,0.8235294117647058,0.9654017280961211
RKB,2007,2013,6,1.1980739768020672,1.3918091649138864,0.05964010831750413,0.11256672496514059,0.7572088577345866,0.92673173267307
RKB,2007,2014,7,-0.8195909953182108,1.5119610253244926,0.06797231934034108,0.1272922867183034,0.9083106129455721,0.7919043910757777
RKB,2007,2015,8,1.3566963185900598,1.4568214416176666,0.05843033348100964,0.11040940840922715,0.7304165074512801,0.9305795266427632
RKB,2007,2016,9,2.844466499294916,1.6745663506747188,0.013366810066031009,0.026380990443450634,0.7600334448160534,0.9860422758025912
RKB,2007,2017,10,0.6881354901972339,1.401299623100203,0.06301137596887306,0.11855259011022692,0.8227637773469952,0.9109366473651421
RKB,2007,2018,11,2.7990774538172016,1.2960427593076622,0.015549851118508548,0.030623511197175046,0.7331240188383045,0.9837562761973244
RKB,2007,2019,12,-0.07247821285789122,1.2575455942713805,0.08337753608357598,0.1539214785364424,0.8514591537917803,0.840293430334012
RKB,2007,2021,14,3.3523010134714193,1.9288229652202005,0.009836675793406191,0.019481716260063012,0.711978465679677,0.9899181756253539
RKB,2007,2022,15,3.911059019967156,2.563471524210148,0.005950628973451838,0.011830856907012046,0.6985981308411214,0.9939661488746956
RKB,2007,2023,16,4.656357250896731,2.6038073670252504,0.00487057619148801,0.00969393732265054,0.48500000000000004,0.9951069802446683
RKB,2008,2009,1,2.066126367786265,0.8782721248263536,0.0912991313023469,0.1673219169402093,0.25590398761130473,0.9057412455307156
RKB,2008,2010,2,0.4959391412346058,0.33462849114595816,0.32060817650729617,0.48554625393162537,0.35858377933305885,0.609378353624125
RKB,2008,2011,3,0.4728032221854104,0.24511998004636978,0.3792308846512075,0.5499164626771114,0.28387523907606294,0.5536733082030336
RKB,2008,2012,4,0.2553223735263619,1.4310747877384078,0.22282663481900164,0.36444517722168135,0.5825503355704698,0.6766156353288653
RKB,2008,2013,5,-0.17595413742381463,0.6284777496941699,0.34628288904701193,0.5144281218520631,0.5270717090307915,0.43608816987803717
RKB,2008,2014,6,-2.193619109544093,0.8471664152306091,0.07442520010578785,0.13853956533867587,0.9230057747291015,0.3095458758109361
RKB,2008,2015,7,-0.01733179563582201,0.9105203539120703,0.32647371904496325,0.49224302654110375,0.5119859475098161,0.5034540648352893
RKB,2008,2016,8,1.4704383850690341,1.2777923745218314,0.08983255274072481,0.16485569735426375,0.5589168605881109,0.8986281947911773
RKB,2008,2017,9,-0.6858926240286478,0.7372669712766721,0.2625473860877689,0.41590104099192565,0.6873171821887766,0.3791546983996717
RKB,2008,2018,10,1.42504933959132,0.8866958609758944,0.10804928693481808,0.19502613865437948,0.4970214455917394,0.8790353693451967
RKB,2008,2019,11,-1.446506327083773,0.9876151109811903,0.17383397248354907,0.296181532582088,0.8170499656094256,0.22278314310798936
RKB,2008,2021,13,1.9782728992455376,1.4726700035439744,0.05732038447907194,0.10842576256072647,0.5538147138964578,0.938289048803096
RKB,2008,2022,14,2.5370309057412745,2.042120158803558,0.044575382339172805,0.08534641557290543,0.4178486997635934,0.953951302664906
RKB,2008,2023,15,3.282329136670849,2.063622037290184,0.027472101741383353,0.053475129290270755,0.2610340479192939,0.9722586879955002
RKB,2009,2010,1,-1.5701872265516594,0.8838509220745341,0.13399544231266244,0.2363244812331751,0.8572592766619965,0.3137670909948138
RKB,2009,2011,2,-1.593323145600855,0.9160335492311599,0.13360005266517036,0.23570932684956675,0.8581914867825184,0.302291917973462
RKB,2009,2012,3,-1.8108039942599035,2.0080361913089235,0.060749015663966156,0.11453984829001394,0.9333651482299281,0.5925037481259371
RKB,2009,2013,4,-2.24208050521008,1.3805610884339528,0.07375774448913149,0.13738246800580456,0.9240111983933305,0.2847254268574066
RKB,2009,2014,5,-4.259745477330358,1.4544958818190565,0.009077561019048642,0.017991800372374512,0.9908770246515379,0.3541666666666666
RKB,2009,2015,6,-2.0834581634220872,1.3406298674451964,0.07168643132161692,0.1337824744747628,0.9247808753495751,0.39582512800315084
RKB,2009,2016,7,-0.5956879827172313,1.4332999174083714,0.18598942964597867,0.31364432936218845,0.7567400879198398,0.5586587209819444
RKB,2009,2017,8,-2.7520189918149134,1.357750221877038,0.04741397282914512,0.09053530706884949,0.9518443189873499,0.24519600307455808
RKB,2009,2018,9,-0.6410770281949454,1.1094027766626247,0.2278054517240382,0.3710774396776987,0.7167334311742753,0.46221146686522707
RKB,2009,2019,10,-3.5126326948700384,1.1442255901652814,0.025142608295563522,0.04905192329751363,0.9747427156604976,0.15296052631578955
RKB,2009,2021,12,-0.08785346854072767,1.598954378612292,0.18134532477580054,0.30701492776503236,0.7058958060741698,0.6788887699389786
RKB,2009,2022,13,0.4709045379550093,2.264528242178179,0.16671585361167804,0.28578655736200637,0.6282714085407854,0.7678788445358512
RKB,2009,2023,14,1.2162027688845838,2.320804532992827,0.17048321255360402,0.2913039857815073,0.36286717752235,0.8111835503167413
RKB,2010,2011,1,-0.023135919049195354,0.23686023518188354,0.4220266686306972,0.5935566159769374,0.41323080358128594,0.39949710063119004
RKB,2010,2012,2,-0.24061676770824392,1.2101314759191626,0.23414107750876414,0.37943972820579164,0.6611332223698093,0.5689501211889272
RKB,2010,2013,3,-0.6718932786584204,0.552230630708939,0.3089242969824806,0.47202775239890804,0.6434442344370657,0.30188494011388173
RKB,2010,2014,4,-2.689558250778698,0.7119512122860302,0.04773180502726519,0.09111454820448647,0.9513488889382368,0.2836041358936484
RKB,2010,2015,5,-0.5132709368704278,0.6462152786760269,0.27964523429213367,0.43706681633027156,0.6506667847993334,0.416352517382927
RKB,2010,2016,6,0.9744992438344282,1.0053912990323919,0.131344292057086,0.23219154943234302,0.576269002834321,0.8400918529565334
RKB,2010,2017,7,-1.1818317652632537,0.6335683150498327,0.19837670119471174,0.33107569764489203,0.7836889795659814,0.29475232957332015
RKB,2010,2018,8,0.9291101983567143,0.7685257281688562,0.1640582284761611,0.2818728899686153,0.5021765417170496,0.803407056503113
RKB,2010,2019,9,-1.942445468318379,0.7335512207551884,0.1112043427574325,0.200151022594964,0.8855783683679672,0.20181881776845048
RKB,2010,2021,11,1.482333758010932,1.2522609151713926,0.10281360805263993,0.18645690858709899,0.4962671090833679,0.8855987058670974
RKB,2010,2022,12,2.041091764506669,1.8052249041847293,0.07720475939940304,0.14334277439035573,0.3765298776097912,0.9190194436914396
RKB,2010,2023,13,2.7863899954362434,1.847129367121872,0.04736214950368171,0.0904408270360456,0.22119815668202775,0.9519920489085429
RKB,2011,2012,1,-0.21748084865904854,1.3090104070040187,0.21658536584836763,0.3560545308669483,0.6787421420652612,0.6006952359243218
RKB,2011,2013,2,-0.6487573596092251,0.5496329393313756,0.3309161822746689,0.4972757663958974,0.6214003645121166,0.2756775721427945
RKB,2011,2014,3,-2.6664223317295033,0.862264182438774,0.048009869283432476,0.09162102512690802,0.951005637090507,0.2950495049504951
RKB,2011,2015,4,-0.4901350178212325,0.8427896619741386,0.2900667613464114,0.4496926361294291,0.6374254898695081,0.4080838323353293
RKB,2011,2016,5,0.9976351628836235,1.1968286233419287,0.11430169631187996,0.20515394832511905,0.6192485168094924,0.8595977209052432
RKB,2011,2017,6,-1.1586958462140584,0.7622968018219612,0.22226656945289994,0.36369573546037326,0.7610709445876449,0.23882559158632774
RKB,2011,2018,7,0.9522461174059096,0.8814745037339895,0.16694071026299398,0.2861168674548521,0.4862022026976859,0.8017391317018238
RKB,2011,2019,8,-1.9193095492691836,0.9580806055017232,0.12337034370025812,0.2196432269947412,0.8740666528527801,0.14160675211003432
RKB,2011,2021,10,1.5054696770601272,1.3484907786507419,0.08515428525571278,0.15694410723475413,0.5679117147707978,0.9041139742613201
RKB,2011,2022,11,2.064227683555864,1.8896813340902274,0.06446754057905858,0.12112636247036512,0.4622467771639043,0.9317503655667996
RKB,2011,2023,12,2.8095259144854388,1.9042561339101554,0.04281578174366427,0.08211571495796344,0.277297721916732,0.9564690823597249
RKB,2012,2013,1,-0.4312765109501765,0.8663168932588442,0.31721058119545253,0.4816398922449647,0.6027243336990955,0.38850491087668243
RKB,2012,2014,2,-2.4489414830704543,0.8732990459048952,0.06261992568941213,0.1178594983503349,0.9359796057339091,0.2588943623426382
RKB,2012,2015,3,-0.27265416916218393,0.8366065130283689,0.32643995864267583,0.4922046512783232,0.5665261816612891,0.4306555748696301
RKB,2012,2016,4,1.215116011542672,1.0751103324568534,0.1304204800963963,0.23074684578480875,0.4957391019337922,0.8503980982810133
RKB,2012,2017,5,-0.9412149975550098,1.029386490240948,0.24936516775836462,0.39918700183674954,0.7225343937852188,0.2888296583474679
RKB,2012,2018,6,1.169726966064958,1.3501386481431503,0.10718603489040872,0.19361883461801105,0.5913565056905568,0.8731359351365644
RKB,2012,2019,7,-1.701828700610135,1.2703614691103342,0.12194933925562651,0.21738831690303514,0.8714854882919938,0.29523068947641257
RKB,2012,2021,9,1.7229505257191757,1.1375717248632382,0.08427390420858125,0.15544762975752577,0.4869427591664468,0.9083994850124438
RKB,2012,2022,10,2.2817085322149127,1.2162742981416172,0.06829578864482544,0.1278593239264966,0.309981684981685,0.9295425058219491
RKB,2012,2023,11,3.0270067631444872,1.2479881997655817,0.03872730184835209,0.0745668315051298,0.19335937500000003,0.9609098122129749
RKB,2013,2014,1,-2.017664972120278,0.6059372261962931,0.09454186737711844,0.17275148661726714,0.9021392557795872,0.2640144665461121
RKB,2013,2015,2,0.1586223417879927,0.7223405225090833,0.3572412733491792,0.5264226491840133,0.4283325645756457,0.5121855666981974
RKB,2013,2016,3,1.6463925224928486,1.1261062304395624,0.0991121924286597,0.18034954595427763,0.4419778002018163,0.892444582788627
RKB,2013,2017,4,-0.5099384866048333,0.625695065396891,0.35577459794023397,0.5248285348917822,0.5799974316423071,0.30061644383956454
RKB,2013,2018,5,1.6010034770151347,0.9317322523890598,0.12816251971299475,0.22720577483038412,0.32315340909090906,0.8634840894138198
RKB,2013,2019,6,-1.2705521896599583,1.0693245499396484,0.1723459597706861,0.29401894267524475,0.8117284112162974,0.329222336416581
RKB,2013,2021,8,2.154227036669352,1.2095968664235202,0.06803901132628588,0.1274092249529263,0.3870836718115354,0.9289061102472589
RKB,2013,2022,9,2.7129850431650895,1.6416743749359173,0.04758121684809755,0.09084014887410294,0.26990838618745594,0.9515668265173112
RKB,2013,2023,10,3.4582832740946636,1.6384997007278277,0.027349463231659054,0.05324276540842845,0.12781954887218056,0.9725404759481855
RKB,2014,2015,1,2.176287313908271,0.4076041839916768,0.08986714078956093,0.16491393753637923,0.19080659150043372,0.9081872987726656
RKB,2014,2016,2,3.6640574946131266,0.9313163555027201,0.020319112925436544,0.03982893717864018,0.20303605313092982,0.9795751571420129
RKB,2014,2017,3,1.5077264855154449,0.2894519091918454,0.13369202621908285,0.23585245926965218,0.34946574481458204,0.8559633946878461
RKB,2014,2018,4,3.6186684491354124,0.9430850054661896,0.0176240648159267,0.03463767303717338,0.33689839572192515,0.982216700641381
RKB,2014,2019,5,0.7471127824603196,0.7495441900351297,0.18634622340741838,0.3141515010216757,0.5113535830138602,0.7685123853130504
RKB,2014,2021,7,4.17189200878963,1.2857708547275672,0.012034017153953223,0.023781843198898277,0.21712538226299688,0.9879256840989689
RKB,2014,2022,8,4.730650015285367,1.6980671382229169,0.008158513248484892,0.016184981114123725,0.07446808510638298,0.9918361277236889
RKB,2014,2023,9,5.475948246214942,1.7752085360152674,0.003947462624086434,0.0078638828644851215,0.056818181818181816,0.9960515984501581
RKB,2015,2016,1,1.487770180704856,0.6489821154329855,0.15947151959095243,0.275076216873722,0.2535514421007317,0.8313953672670116
RKB,2015,2017,2,-0.6685608283928259,0.4526999644725511,0.3274729543643961,0.49337796794691396,0.6268963453302766,0.27191550648103696
RKB,2015,2018,3,1.442381135227142,0.8679270934862036,0.1172371321598366,0.20986973809793524,0.45111111111111113,0.8702622769385957
RKB,2015,2019,4,-1.4291745314479511,0.48236932548006595,0.20436824097882658,0.33937832969213855,0.7896691694239845,0.12181594083812645
RKB,2015,2021,6,1.9956046948813595,1.0926931327932028,0.09802273389283873,0.17854408814527375,0.253984753984754,0.8985930791150359
RKB,2015,2022,7,2.5543627013770966,1.5018013146306013,0.06657310864855553,0.12483552812035487,0.13469633193024658,0.9327297690440711
RKB,2015,2023,8,3.299660932306671,1.6088609352617764,0.03542445520881303,0.06842499234126939,0.03851091142490368,0.9645252106756143
RKB,2016,2017,1,-2.156331009097682,0.9203287642314332,0.08503703685609774,0.15674494780840503,0.9125559886520106,0.24453781512605047
RKB,2016,2018,2,-0.04538904547771404,0.698582551350677,0.31357534209865334,0.47743792388438866,0.5331550802139037,0.5114771870214728
RKB,2016,2019,3,-2.916944712152807,0.717660484995516,0.04737271380197208,0.09046008775616984,0.9523230685418874,0.11870503597122306
RKB,2016,2021,5,0.5078345141765035,0.8776386398026603,0.37113393652987764,0.5413532940030041,0.2795429644701831,0.5664308634622106
RKB,2016,2022,6,1.0665925206722406,1.2895532221198924,0.2621700933948025,0.41542751609595713,0.1887817465706913,0.7207954649775226
RKB,2016,2023,7,1.811890751601815,1.4522190934078276,0.15319535403851764,0.26568846900401366,0.05388180764774038,0.8454563240366282
RKB,2017,2018,1,2.1109419636199678,0.826996525818551,0.09237605420043735,0.16912866928056533,0.21727129337539428,0.9051929102434274
RKB,2017,2019,2,-0.7606137030551252,0.7193185403908681,0.26980744244075805,0.4249580423345892,0.6882126387257047,0.33290322580645154
RKB,2017,2021,4,2.6641655232741854,1.3271017408963186,0.052945199634527526,0.10056591673128776,0.22785665990534137,0.9462144586335478
RKB,2017,2022,5,3.2229235297699224,1.7566627345317256,0.03216465206809392,0.06232465334604765,0.18661971830985918,0.9675962154986972
RKB,2017,2023,6,3.968221760699497,1.839122898192819,0.017605077428966682,0.03460100154658592,0.06766917293233089,0.9823723982351817
RKB,2018,2019,1,-2.871555666675093,0.9143779143714422,0.045077812180257665,0.08626690119124361,0.9544247306682102,0.19493670886075953
RKB,2018,2021,3,0.5532235596542177,1.1053590754486315,0.23572423564277792,0.3815159221509691,0.4775426961389316,0.6995384760290101
RKB,2018,2022,4,1.1119815661499546,1.671058385372469,0.19314958166440985,0.3237642364924131,0.3459351904491188,0.7848737903404759
RKB,2018,2023,5,1.857279797079529,1.757502077928266,0.12191011997302327,0.21732600108100397,0.19521066989996977,0.8743750671419309
RKB,2019,2021,2,3.424779226329311,1.3472543438884905,0.028968956939313877,0.05630676561027175,0.10709117221418234,0.9709300424939205
RKB,2019,2022,3,3.983537232825048,1.8197067477563207,0.017382157943240176,0.03417036126990921,0.06532663316582916,0.9825966990996373
RKB,2019,2023,4,4.728835463754622,1.9540862865157917,0.008740906342082548,0.017330329893686984,0.010752688172042987,0.991258263106793
RKB,2021,2022,1,0.558758006495737,0.7088176508157485,0.36002746057840107,0.5294414576383426,0.27241520228851657,0.5838804718869974
RKB,2021,2023,2,1.3040562374253115,0.7819265353288191,0.21911404636354,0.3594643946842036,0.15809656614955547,0.771483347851678
RKB,2022,2023,1,0.7452982309295745,0.2639438414503271,0.3639822315655295,0.5337052391771465,0.1708703020636029,0.6065010643451098
TWN,2007,2008,1,-0.6306500990511621,0.2590986436690684,0.21604470239527643,0.35532361922177247,0.7277784604152038,0.48854156678492666
TWN,2007,2009,2,-3.3297093329025618,0.6627784828723495,0.0022733915758540247,0.004536469979073509,0.9976505542352947,0.9343794579172611
TWN,2007,2010,3,3.4672246677047633,1.1184676068519197,0.021400749419391855,0.04190470671096915,0.3075734157650696,0.9783938596621645
TWN,2007,2011,4,-3.9337539149119944,0.6432277293776549,0.0012042327895134233,0.0024055687143036547,0.9987736770686482,0.9373368146214099
TWN,2007,2012,5,-0.022278403068502622,0.6682145899963114,0.057456628110276665,0.10866947462980923,0.8925276322215853,0.8901064495929868
TWN,2007,2013,6,2.5649783388773484,1.0436829798913114,0.04228629157984294,0.08114141368154731,0.4319948186528497,0.9563085600006659
TWN,2007,2014,7,-2.2929216730564685,1.0148714301965023,0.03304949385308123,0.06398433772967219,0.9647775490159837,0.6511627906976744
TWN,2007,2015,8,-4.444900590010661,0.9702173565862224,0.0013638413556012197,0.0027239676514680474,0.9986220288364689,0.8826086956521739
TWN,2007,2016,9,0.3063937866859365,0.7602536999979103,0.054486237430326066,0.10334177061068789,0.8781333299627412,0.9102943466749727
TWN,2007,2017,10,-1.6452335409810197,0.2883264552734101,0.10656138890106898,0.192599145370318,0.8851177403206871,0.40465485321343564
TWN,2007,2018,11,-1.4751814271227812,0.5530147418697722,0.04705465478011241,0.0898800355173325,0.944780527326234,0.7585899152164213
TWN,2007,2019,12,-1.3891775102322228,0.49633219020053515,0.05718628002515738,0.1081858156990016,0.9324227985156726,0.72891072891072894
TWN,2007,2021,14,-6.263715257025474,0.5336451361534214,4.11096341367945e-4,8.218548212257485e-4,0.9995882901185881,0.7837837837837838
TWN,2007,2022,15,-5.598921530777547,0.8944344721596554,2.561906668286059e-4,5.122500999625194e-4,0.9997429268125037,0.9305555555555556
TWN,2007,2023,16,2.551589660692141,1.6992641534945727,0.02321187390185673,0.04537061090454691,0.686319417005598,0.9755462016436159
TWN,2008,2009,1,-2.6990592338513997,0.6630182813025637,0.005138018288980511,0.010223508006844318,0.994544384606741,0.9188982402448356
TWN,2008,2010,2,4.097874766755925,1.0304368134488064,0.013183857144742092,0.026024609554865148,0.20348837209302334,0.9867715877281225
TWN,2008,2011,3,-3.3031038158608323,0.6069329496984515,0.0037392305455773204,0.007450601574165595,0.9961377241262835,0.8949579831932772
TWN,2008,2012,4,0.6083716959826595,0.5897288270542399,0.09102706390109248,0.16686490539586574,0.7632656670875064,0.8711605754276828
TWN,2008,2013,5,3.1956284379285105,0.9587347584233944,0.03102989180661391,0.060192031391528386,0.2347931873479319,0.9686718296895709
TWN,2008,2014,6,-1.6622715740053065,0.9160238192164347,0.07281787877238985,0.13575068091839465,0.919248194621599,0.5743353228431904
TWN,2008,2015,7,-3.814250490959499,0.8088292307820802,0.002882033691816329,0.005747502886669465,0.9970628701580609,0.866822429906542
TWN,2008,2016,8,0.9370438857370986,0.62253151272594065,0.10968569982440902,0.19768786754982087,0.6488643390465901,0.8624305663707627
TWN,2008,2017,9,-1.0145834419298576,0.28685043817316647,0.26230385767378517,0.4155954306551313,0.7168645117021883,0.21905167518455426
TWN,2008,2018,10,-0.8445313280716192,0.48923808819879233,0.17722211414927938,0.3010852616837717,0.7847603597877855,0.49916167664670663
TWN,2008,2019,11,-0.7585274111810607,0.3855792202616715,0.195226743008945,0.3266773340721409,0.7601607511629442,0.487912087912088
TWN,2008,2021,13,-5.633065157974312,0.4867952654415828,0.0011896933803369157,0.0023765593837070578,0.9988074691274934,0.6666666666666666
TWN,2008,2022,14,-4.968271431726385,0.8537818657833582,0.0013320320961090627,0.0026605202937944415,0.9986604876807811,0.8074074074074074
TWN,2008,2023,15,3.182239759743303,1.5607651880864164,0.020725534024569375,0.04060941621172475,0.4903381642512077,0.9788527964077633
TWN,2009,2010,1,6.796934000607325,0.5567901871019613,7.283225610042004e-4,0.0014555849866231842,0.34782608695652173,0.9992713944203923
TWN,2009,2011,2,-0.6040445820094327,0.25659419964506713,0.00409270643641855,0.008152048929712467,0.9936960352147984,0.9884668747832119
TWN,2009,2012,3,3.307430929834059,0.3190346779448657,0.005754963826162481,0.01144406745807955,0.8379814077025232,0.9940684820040245
TWN,2009,2013,4,5.89468767177991,0.5206595359373889,9.496824456126488e-4,0.0018975628091360136,0.6545454545454545,0.9990486056169348
TWN,2009,2014,5,1.0367876598460932,0.6563720166627167,0.009755821341529162,0.019323129682120355,0.9630914388788677,0.986912522290655
TWN,2009,2015,6,-1.1151912571080997,0.6221326113030233,0.0041216626874868954,0.008209488631995944,0.9945495047158633,0.9833751637066422
TWN,2009,2016,7,3.636103119588498,0.47476197724505664,0.004374709333759152,0.008711309221756624,0.8303747534516764,0.9955295527834955
TWN,2009,2017,8,1.684475791921542,0.5077260757043631,0.006518227708144753,0.012952031128113484,0.9586206896551724,0.9923224137003056
TWN,2009,2018,9,1.8545279057797803,0.3916034569706687,0.007999132468331727,0.015871308239609097,0.9413659793814434,0.990822203171106
TWN,2009,2019,10,1.9405318226703387,0.4574361259291128,0.0076170637133698696,0.015118965304733358,0.939807976366322,0.9913547674122135
TWN,2009,2021,12,-2.9340059241229124,0.43382374839764565,0.00112632298075803,0.002250111609101459,0.9988151097208399,0.9777207421803786
TWN,2009,2022,13,-2.2692121978749857,0.7547081804010157,0.0010752619441846544,0.0021482139956118624,0.9988148372110733,0.9885373681797339
TWN,2009,2023,14,5.881298993594703,1.176899528351145,9.624595948012747e-4,0.0019230683140522317,0.6545454545454545,0.9990357820499656
TWN,2010,2011,1,-7.400978582616758,0.6665053531846024,3.0523424979740833e-4,6.102822205590596e-4,0.9996946725538086,0.5
TWN,2010,2012,2,-3.4895030707732664,0.5539279795991316,0.024441447698680195,0.04771663183598401,0.9754136229329874,0.1943127962085308
TWN,2010,2013,3,-0.9022463288274153,0.5171934120434633,0.19248140046979526,0.3228249939897837,0.7731093298569003,0.44068400427502674
TWN,2010,2014,4,-5.760146340761232,0.7033954715618655,0.002713222954264244,0.005411762590046146,0.9972855934187324,0.13846153846153844
TWN,2010,2015,5,-7.9121252577154255,0.5890219295496708,2.615978547390667e-4,5.230588783976425e-4,0.9997383747690213,0.28571428571428575
TWN,2010,2016,6,-3.160830881018827,0.6684739609011419,0.03302463246938858,0.06393774442811691,0.9666759511492082,0.21387940841865766
TWN,2010,2017,7,-5.1124582086857835,0.9765481056936115,0.00528903216442846,0.010522410958848238,0.9947071154176634,0.12096774193548387
TWN,2010,2018,8,-4.942406094827545,0.8181549456024472,0.00631239229627578,0.012545591894921835,0.9936824325709953,0.11486486486486487
TWN,2010,2019,9,-4.856402177936986,0.8356092380716998,0.006902779160066052,0.01371091490247784,0.9930912179284354,0.11180124223602486
TWN,2010,2021,11,-9.730939924730238,0.8776026932951094,5.9416420837118485e-5,1.1882578147159875e-4,0.9999405835791629,0
TWN,2010,2022,12,-9.066146198482311,1.067683364233753,1.1551083781801895e-4,2.3099499321084033e-4,0.999884489162182,0
TWN,2010,2023,13,-0.9156350070126226,0.8509498963862593,0.10672044323059143,0.19285889925204105,0.8649734697543046,0.6626549524611866
TWN,2011,2012,1,3.911475511843492,0.24720937814757812,0.0042182458902014245,0.008401054068604598,0.7858880778588808,0.9957154164171862
TWN,2011,2013,2,6.498732253789343,0.4192921677097204,0.0010030609359348436,0.0020041116257866077,0.33333333333333337,0.9989964357460153
TWN,2011,2014,3,1.640832241855526,0.7338748618736214,0.006805510302302209,0.013519016796518712,0.9583650672759584,0.9919303726664317
TWN,2011,2015,4,-0.5111466750986671,0.6362622762651461,0.005260060663780582,0.01046507440135904,0.9916289482649535,0.9860437671602886
TWN,2011,2016,5,4.240147701597931,0.4403471571402675,0.0034983356119400277,0.006972279848987929,0.7545126353790614,0.9964636406124087
TWN,2011,2017,6,2.288520373930975,0.45515209717109784,0.0040602355768793496,0.008087633456665187,0.956082786471479,0.9955460738993888
TWN,2011,2018,7,2.4585724877892132,0.28619490379165335,0.007345121798947574,0.014583128741082167,0.9074837949322333,0.9920845912748828
TWN,2011,2019,8,2.5445764046797716,0.41435476611159416,0.0060864000829205876,0.012099159838397483,0.9168918918918918,0.9934754899457608
TWN,2011,2021,10,-2.3299613421134793,0.3117841863018728,0.0015549466460347402,0.0031050650815352275,0.9982964068062249,0.9824912456228114
TWN,2011,2022,11,-1.6651676158655528,0.5987707329573166,0.0017219008078925417,0.0034378819241224975,0.9979559059716746,0.9891937757316436
TWN,2011,2023,12,6.485343575604135,1.1282384369550909,7.62236804405998e-4,0.0015233124839721013,0.5,0.9992371817474469
TWN,2012,2013,1,2.587256741945851,0.43272209269284334,0.04792235794305687,0.09146165759288233,0.34635761589403974,0.9508290182994992
TWN,2012,2014,2,-2.270643269987966,0.7161553929671449,0.033373891031417295,0.06459209260281697,0.9643695243754741,0.6548964218455744
TWN,2012,2015,3,-4.422622186942159,0.6293436270962095,0.0038719622505606027,0.007714055967615885,0.9960966771984705,0.6747967479674797
TWN,2012,2016,4,0.3286721897544392,0.5027471327675235,0.1397414861990668,0.24521610890043463,0.7070743491742987,0.7891289866073249
TWN,2012,2017,5,-1.6229551379125169,0.5311015319414348,0.053225717503428194,0.10107181512733038,0.9394926127527216,0.6933458397480933
TWN,2012,2018,6,-1.4529030240542786,0.44621709178102675,0.08162734223269438,0.15093431729305082,0.9068818040435458,0.6018723691003096
TWN,2012,2019,7,-1.3668991071637202,0.4851393428228251,0.07605515696192611,0.1413592165231678,0.9113044323483671,0.6520325206983523
TWN,2012,2021,9,-6.241436853956971,0.4894519284943849,0.0010699432746709133,0.0021375994391979163,0.9989291192676255,0.4499999999999999
TWN,2012,2022,10,-5.576643127709045,0.7781070356756685,9.313673886900768e-4,0.0018610015012715656,0.9990659770706357,0.7532467532467533
TWN,2012,2023,11,2.5738680637606435,1.1210898469207704,0.03399929193121231,0.06576269867208795,0.5358316896778434,0.9646117741943152
TWN,2013,2014,1,-4.8579000119338165,0.7786315110312787,0.005851521906705276,0.011634961580836612,0.9941373361340671,0.24516129032258066
TWN,2013,2015,2,-7.00987892888801,0.6426176324813776,6.017641514941176e-4,0.0012028044983598662,0.9993980547339647,0.3333333333333334
TWN,2013,2016,3,-2.2585845521914116,0.5869040805923216,0.07556913366302222,0.14051934236093125,0.922398313184569,0.25738798856053385
TWN,2013,2017,4,-4.210211879858368,0.8467161898565112,0.013228235355362172,0.026111067366224212,0.9867506801187205,0.10738255033557044
TWN,2013,2018,5,-4.04015976600013,0.6217647040535493,0.014913572770443174,0.029388852746807,0.9850470301735803,0.1501416430594901
TWN,2013,2019,6,-3.954155849109571,0.730929720949879,0.016340205400434165,0.0321549916329369,0.9836142206420586,0.1454545454545456
TWN,2013,2021,8,-8.828693595902822,0.6618672572738513,1.4646946285612906e-4,2.928960253887467e-4,0.9998535305371439,0
TWN,2013,2022,9,-8.163899869654896,0.7593165091220384,1.7083038627689856e-4,3.4160241648103655e-4,0.9998291501561599,0.39999999999999997
TWN,2013,2023,10,-0.013388678185207302,0.7679343972902842,0.1953318440961044,0.3268244631160345,0.6753488294418181,0.6709729511505853
TWN,2014,2015,1,-2.151978916954193,0.5308917064727041,0.007146597061222422,0.014191771251723734,0.992079190186128,0.9318662716885315
TWN,2014,2016,2,2.599315459742405,0.5930423915221018,0.032289578333835604,0.06255914815289042,0.5478686233403214,0.9663955891320803
TWN,2014,2017,3,0.6476881320754488,0.7840785472127256,0.0960403075413505,0.17524959051330724,0.7449139280125195,0.8665251736575804
TWN,2014,2018,4,0.8177402459336872,0.679838889088804,0.09514462767583017,0.17375719201170858,0.7163088168113294,0.8747707550240302
TWN,2014,2019,5,0.9037441628242456,0.6136257667272006,0.09433759669175347,0.1724104096888228,0.700968840010474,0.8788773559870441
TWN,2014,2021,7,-3.9707935839690056,0.7685699957327211,0.0024222240847286,0.004832742184941551,0.9975380598664991,0.8694516971279372
TWN,2014,2022,8,-3.305999857721079,1.1712926619275612,0.0021884470926125726,0.0043673365003584754,0.9977362729335839,0.9382550335570469
TWN,2014,2023,9,4.84451133374861,1.2177375127984695,0.004296462676094941,0.008556164112430284,0.45222929936305734,0.9956882431790245
TWN,2015,2016,1,4.751294376696598,0.262287351595403,0.003989463153059519,0.007947221160131478,0.536144578313253,0.9959920554222405
TWN,2015,2017,2,2.799667049029642,0.7643710049839123,0.005240241583683354,0.010425849198849682,0.9090909090909091,0.994469971566769
TWN,2015,2018,3,2.96971916288788,0.5627576618651248,0.0072030381127942255,0.014303050805507153,0.8534906588003933,0.9924814746174191
TWN,2015,2019,4,3.0557230797784385,0.5265892199164476,0.007148763205354723,0.014196042266095917,0.842164599774521,0.9925677425659858
TWN,2015,2021,6,-1.8188146670148126,0.6239194923525194,0.002841015127531129,0.005665933252978963,0.9967074754219997,0.9797030772382351
TWN,2015,2022,7,-1.1540209407668858,0.8532275823143023,0.0032540390495728656,0.006486969247899687,0.9957336301242812,0.9864716936058606
TWN,2015,2023,8,6.996490250702802,0.9174062442136665,5.590215469211942e-4,0.001117418432861492,0.3888888888888888,0.9994407795154332
TWN,2016,2017,1,-1.9516273276669562,0.5429442178596026,0.07322605191646632,0.13645969884108963,0.922078596272647,0.4514228084941978
TWN,2016,2018,2,-1.7815752138087178,0.3147280931236036,0.09434035472023612,0.17241501570021855,0.8992774999789801,0.4017884674683935
TWN,2016,2019,3,-1.6955712969181593,0.31587761999011993,0.11566071220833993,0.2073402978928979,0.8773069624563625,0.3313525749858517
TWN,2016,2021,5,-6.570109043711411,0.36570718839354177,7.542437579207457e-4,0.0015073506060558758,0.9992452683120812,0.4615384615384616
TWN,2016,2022,6,-5.905315317463484,0.6406079243594129,8.892091422291141e-4,0.0017768383035944091,0.9991091599749292,0.6730769230769231
TWN,2016,2023,7,2.2451958740062046,1.0302874179013275,0.06440095684328903,0.12100882929358499,0.36819687647893995,0.9330877567779172
TWN,2017,2018,1,0.17005211385823832,0.2995988954796468,0.2545449026442151,0.4057964001251906,0.5565930455664977,0.6259326477112321
TWN,2017,2019,2,0.2560560307487968,0.24725446188778488,0.2880279122090729,0.4472386187890626,0.4875036521317626,0.6032772975552845
TWN,2017,2021,4,-4.618481716044454,0.3034509234463866,0.0028581213204100057,0.005699951487947008,0.997121901360098,0.7083333333333333
TWN,2017,2022,5,-3.953687989796528,0.7655268331093749,0.0015626107114713732,0.0031203455375822284,0.9984098971554357,0.9171122994652406
TWN,2017,2023,6,4.19682320167316,1.502729091024317,0.010180430439421536,0.020155667507819608,0.32,0.9897705624653995
TWN,2018,2019,1,0.08600391689055843,0.19063073311624568,0.328825605649306,0.49491160352623015,0.48286424319482174,0.5254810714402526
TWN,2018,2021,3,-4.7885338299026925,0.09068068746319753,0.0034644390753924927,0.006904956350191503,0.9965187811393541,0.5818181818181819
TWN,2018,2022,4,-4.123740103654766,0.5681619771775018,0.002786130429708631,0.005556778948497688,0.9971766454268289,0.8255451713395638
TWN,2018,2023,5,4.0267710878149225,1.2353546638557282,0.011329472327681748,0.022405106619914416,0.36056338028169005,0.9885976848379358
TWN,2019,2021,2,-4.874537746793251,0.24653529872638488,0.003168641124337535,0.006317265102677384,0.9968172398410425,0.5833333333333334
TWN,2019,2022,3,-4.209744020545324,0.7173496047296328,0.0027249378506429816,0.005435065485623464,0.9972421114361787,0.8142857142857143
TWN,2019,2023,4,3.9407671709243637,1.3141104242833128,0.012973229420767687,0.025614160461448647,0.3281653746770026,0.9869440359323896
TWN,2021,2022,1,0.6647937262479267,0.5024053371692255,0.006103549893366552,0.012133045140360446,0.9821396148098475,0.9908129818567935
TWN,2021,2023,2,8.815304917717615,1.2687213391593923,1.4844368195947826e-4,2.968432994066276e-4,0,0.9998515563180406
TWN,2022,2023,1,8.150511191469688,1.1678519027017855,1.1541513487805125e-4,2.3080363152383983e-4,0.6,0.9998845648806821
WHP,2007,2008,1,4.085166008440279,0.2777319985197222,0.003750937783958256,0.007473841652869444,0.7740963855421686,0.9962002228694327
WHP,2007,2009,2,9.042850329039295,0.5302994070342678,5.9113181303063716e-5,1.1821937428282193e-4,0.5,0.9999408833241222
WHP,2007,2010,3,9.928414474003302,1.028659728602457,0,0,0,1
WHP,2007,2011,4,8.014007493158767,1.3526020771535539,2.756484651197826e-4,5.511450079640614e-4,0.16666666666666663,0.999724336337627
WHP,2007,2012,5,6.750870497791545,0.5046811462523081,4.7824882028487883e-4,9.560404153689628e-4,0.5909090909090909,0.9995214205752052
WHP,2007,2013,6,5.6970149545259225,0.4647781490043015,0.0014130575299935925,0.002822127231851617,0.578125,0.9985842008993967
WHP,2007,2014,7,6.245487691708409,0.3520252208204525,7.53234727077915e-4,0.001505335583118719,0.6111111111111112,0.9992458726466331
WHP,2007,2015,8,2.0052132068197857,1.2209232816642026,0.0038895731643704967,0.007749006002941406,0.9673469387755103,0.9956038665057133
WHP,2007,2016,9,-0.1395227804350198,1.2427596902935973,0.0019493526436479942,0.0038911201219994167,0.9963622439211182,0.9958175809043747
WHP,2007,2017,10,0.869600184344261,0.6606440806732428,0.002436608195682412,0.004861371134615965,0.9917698038692937,0.9965505677190629
WHP,2007,2018,11,5.511888779610422,0.8271320985399209,7.642980213711659e-4,0.0015274286320610619,0.810126582278481,0.9992332014447897
WHP,2007,2019,12,2.343707529640212,0.9467998567509266,6.730902445871813e-4,0.0013452749976971257,0.9923186164818838,0.9992628086988573
WHP,2007,2021,14,7.677745414757732,1.3743589294273746,2.571790960183288e-4,5.142259438732632e-4,0.4444444444444444,0.999742767980223
WHP,2007,2022,15,5.662755290547054,1.2459630316873336,5.585239081100392e-4,0.0011164242665756018,0.8387096774193548,0.9994398492323915
WHP,2007,2023,16,8.63733430248135,1.0792148891107953,1.182323823066164e-4,2.3643681012590665e-4,0.33333333333333337,0.9998817606278321
WHP,2008,2009,1,4.957684320599015,0.47655298020749265,0.006165366635288254,0.012255175619701204,0.1221374045801526,0.9938293402336034
WHP,2008,2010,2,5.843248465563025,0.8728170821668787,0.002749026997379159,0.005482981131601425,0.0517241379310345,0.9972505607326513
WHP,2008,2011,3,3.9288414847184874,1.199539464658661,0.010239367666095574,0.020271171355658136,0.4744897959183673,0.9896650834017798
WHP,2008,2012,4,2.665704489351266,0.429658589991721,0.03425159005776077,0.06623454174404099,0.49072011878247956,0.9645794117187966
WHP,2008,2013,5,1.6118489460856433,0.33522948286579723,0.08272037928194333,0.1528010017448886,0.5406748626732932,0.9083561954122107
WHP,2008,2014,6,2.16032168326813,0.2294175575831614,0.04948666318114677,0.0943064164934607,0.5438432835820896,0.9474105913209033
WHP,2008,2015,7,-2.0799528016204936,1.053938347271889,0.029403455760171306,0.05712717515302703,0.9678677889371291,0.7428108545970029
WHP,2008,2016,8,-4.224688788875299,1.1277221376505286,0.00225021569684807,0.0044903271889715326,0.9977219899158646,0.8442906574394464
WHP,2008,2017,9,-3.215565824096018,0.4989665716508276,0.004987656109219594,0.009925805712936135,0.9948379228520992,0.8713745271122321
WHP,2008,2018,10,1.4267227711701436,0.8490069579350777,0.03483303859760965,0.0673210794367657,0.8261424017003188,0.9582577505396414
WHP,2008,2019,11,-1.741458478800067,0.8724462784956665,0.0046277469408609355,0.009212859101199712,0.9945862264424761,0.9691108545034641
WHP,2008,2021,13,3.5925794063174528,1.3653734872436876,0.010021578540290522,0.019844286009758263,0.6296296296296297,0.9898047278344398
WHP,2008,2022,14,1.5775892821067745,1.2350575232816239,0.026876837498058456,0.052346759643625264,0.8470619801448886,0.9684225436855872
WHP,2008,2023,15,4.552168294041071,0.969279271640709,0.006670722066101859,0.013253036807131524,0.36492890995260663,0.9933036094897536
WHP,2009,2010,1,0.8855641449640091,0.6591666901616473,0.23173421207038092,0.37627307872023236,0.3557543231961836,0.7342606359282882
WHP,2009,2011,2,-1.0288428358805277,0.996228557004267,0.09903798255677031,0.18022667847451676,0.8776783226373159,0.6577651797702522
WHP,2009,2012,3,-2.2919798312477493,0.34842062913702593,0.08122931342775545,0.15025362782708712,0.9172804067634922,0.18153034300791562
WHP,2009,2013,4,-3.345835374513372,0.44034303840271816,0.032255277855909,0.062494769555271716,0.9676517457345328,0.08181818181818182
WHP,2009,2014,5,-2.7973626373308855,0.4665627512585221,0.05199208467495195,0.09884501115997776,0.9475641720072042,0.1399825021872266
WHP,2009,2015,6,-7.037637122219508,0.9987242934715436,6.035962937949941e-4,0.0012064643701675591,0.9993962380568999,0.31250000000000006
WHP,2009,2016,7,-9.182373109474314,1.1424920068150053,5.331647482617628e-5,1.0662726466248039e-4,0.9999466808850973,0.4815141557533089
WHP,2009,2017,8,-8.173250144695034,0.30830638877963146,2.8209966014341466e-4,5.640402047367659e-4,0.9997179003398565,0
WHP,2009,2018,9,-3.5309615494288717,0.48133336486289324,0.020191256009695742,0.03958327596076524,0.9796289271569447,0.30418943533697623
WHP,2009,2019,10,-6.699142799399082,0.5145692389805556,6.423871530651104e-4,0.0012839495134575915,0.9993572343512392,0.4782608695652174
WHP,2009,2021,12,-1.3651049142815628,1.0041502095750516,0.10354186684071849,0.18765371745640055,0.8822140884426319,0.5387346001252872
WHP,2009,2022,13,-3.380095038492241,0.8331123872606709,0.019894388231029767,0.039012643780766104,0.9798296006139388,0.4075235109717868
WHP,2009,2023,14,-0.40551602655794505,0.6286265795983998,0.23899039834086755,0.38578248654856356,0.6785211421915535,0.5177571588545833
WHP,2010,2011,1,-1.914406980844537,0.41906500940413105,0.0963554293468293,0.17577407247252752,0.8991558452425118,0.3159826493159826
WHP,2010,2012,2,-3.177543976211758,0.8631774607893979,0.031031333943948858,0.06019474466454159,0.968647930937953,0.24793388429752056
WHP,2010,2013,3,-4.231399519477381,0.9027063217054505,0.012985113365471852,0.025637323183024887,0.9869950571254993,0.1050847457627119
WHP,2010,2014,4,-3.6829267822948943,0.9738160684654078,0.02409083072013788,0.0470482304840036,0.9758842706532884,0.041095890410958895
WHP,2010,2015,5,-7.923201267183518,1.0787391797533428,3.622408386611897e-4,7.242193355029122e-4,0.9996377591613389,0
WHP,2010,2016,6,-10.067937254438323,1.346071946323558,0,0,1,0
WHP,2010,2017,7,-9.058814289659042,0.6280820492258875,1.1636086510237482e-4,2.3269465365354582e-4,0.9998836391348976,0
WHP,2010,2018,8,-4.416525694392881,0.9808161479748881,0.006519614017671907,0.012954767948630238,0.9934443943880188,0.4571428571428572
WHP,2010,2019,9,-7.5847069443630915,0.7630857354272923,1.5239489692471967e-4,3.047433525176439e-4,0.9998475508939884,0.7000000000000001
WHP,2010,2021,11,-2.250669059245572,1.3594774824060092,0.035773824673161723,0.06907651809882363,0.961823869994671,0.6375525455394676
WHP,2010,2022,12,-4.26565918345625,1.1942982704708385,0.007539271713802996,0.014965712852023829,0.9924120647587652,0.45964912280701753
WHP,2010,2023,13,-1.291080171521954,0.8856382538498121,0.13555179106123932,0.23874171504684655,0.8478053075755481,0.4465116279069768
WHP,2011,2012,1,-1.2631369953672213,1.1803393865263514,0.10547019545896602,0.19081508645319417,0.8776144856297338,0.5671838630707947
WHP,2011,2013,2,-2.316992538632844,1.2495519119077978,0.0507120909388839,0.09652899471932248,0.9469780911896891,0.46208651399491096
WHP,2011,2014,3,-1.7685198014503576,1.3113660578101862,0.07079618677075127,0.13223092806158482,0.9226062095601144,0.5463044619892022
WHP,2011,2015,4,-6.008794286338981,1.2322095833915052,0.001892909340559708,0.003778666008936245,0.9981060248119655,0.22916666666666669
WHP,2011,2016,5,-8.153530273593786,1.5983179043258848,1.1506727262647137e-4,2.3010806734522396e-4,0.9998849128632291,0.6
WHP,2011,2017,6,-7.144407308814506,0.9737839459451688,6.3131305020639e-4,0.001261829490987984,0.9993685872950234,0.19999999999999996
WHP,2011,2018,7,-2.502118713548344,1.3020978313244034,0.025337267270253226,0.049422308305848324,0.9732647238733857,0.6736068585425596
WHP,2011,2019,8,-5.670299963518555,1.113021256572089,8.088870310539319e-4,0.0016164665233010327,0.9991889808947284,0.7647058823529411
WHP,2011,2021,10,-0.3362620784010349,1.6515000545086203,0.08157528932865435,0.15084532742845674,0.8706926819481368,0.8190077957240821
WHP,2011,2022,11,-2.351252202611713,1.4621034753765123,0.032306054720649006,0.06259007117688815,0.9657241180475585,0.6401475237091676
WHP,2011,2023,12,0.6233268093225828,1.1297288791557274,0.13927212019428714,0.24449315966853677,0.6497485565282176,0.8122099662114567
WHP,2012,2013,1,-1.0538555432656227,0.20847498070767176,0.20116331241087876,0.33494748021752324,0.7741463968031013,0.35209598577988444
WHP,2012,2014,2,-0.5053828060831362,0.3496416260246824,0.24695001064698185,0.3960864646351805,0.6824823171046518,0.4736763556183042
WHP,2012,2015,3,-4.745657290971759,1.1523585897128568,0.002518889716539804,0.005025121705690782,0.9974656066297796,0.7083333333333334
WHP,2012,2016,4,-6.890393278226565,1.2941172685933322,2.1404144916558016e-4,4.2799129045512107e-4,0.9997857866112939,0.7894736842105263
WHP,2012,2017,5,-5.881270313447284,0.4894699456926405,0.0011869583664128967,0.00237110233307393,0.9988111396788547,0.5740740740740742
WHP,2012,2018,6,-1.2389817181811225,0.5260452383377504,0.1060124130495007,0.1917020311864366,0.8763829539670793,0.5732620320855615
WHP,2012,2019,7,-4.407162968151333,0.626877966421654,0.003584855539578625,0.007144100510865567,0.9963844074809853,0.7033898305084746
WHP,2012,2021,9,0.9268749169661865,1.0560072134146812,0.17133301303284074,0.2925436423741214,0.4841576506955178,0.7958354518620997
WHP,2012,2022,10,-1.0881152072444917,0.9153705385089276,0.10150761498121208,0.18430669675024164,0.8768047234522512,0.6342734518700184
WHP,2012,2023,11,1.8864638046898041,0.7778920702440753,0.11292638391124427,0.20293594534865503,0.22924901185770746,0.8831487750382389
WHP,2013,2014,1,0.5484727371824866,0.24255276306787096,0.2137513414704751,0.3522160333293846,0.5191180574937203,0.7221311996726929
WHP,2013,2015,2,-3.691801747706137,1.139864261102896,0.007551690973774881,0.014990180734998023,0.992318079145374,0.6918238993710691
WHP,2013,2016,3,-5.836537734960942,1.2251639000156958,8.473897238573114e-4,0.0016933445249652172,0.9991508563593795,0.7090909090909092
WHP,2013,2017,4,-4.827414770181662,0.4853737626772744,0.0029159354078748894,0.005814914899500546,0.9970692619715812,0.6339869281045751
WHP,2013,2018,5,-0.1851261749154996,0.6425371244473768,0.11279933140988639,0.20273076776020832,0.8144000403038518,0.7766545271882457
WHP,2013,2019,6,-3.35330742488571,0.6756217670610809,0.004711939041083784,0.00937968159427059,0.9951461624725033,0.8611940298507462
WHP,2013,2021,8,1.9807304602318094,1.1278606374797273,0.07153424754768478,0.13351742645911355,0.44937176644493715,0.9240306925816048
WHP,2013,2022,9,-0.0342596639788688,1.0206405562343686,0.09504179742768136,0.1735856981001825,0.8293374370231293,0.8233892859121379
WHP,2013,2023,10,2.940319347955427,0.8500843521646331,0.04191927495583828,0.08046549471429067,0.1984877126654064,0.9576409982580963
WHP,2014,2015,1,-4.240274484888623,1.020132259236579,0.0058304409775965,0.011593287973924754,0.9941198632530601,0.5917602996254682
WHP,2014,2016,2,-6.385010472143429,1.0680195357357791,5.97838460147555e-4,0.0011949625257387882,0.9994015109948611,0.6451612903225806
WHP,2014,2017,3,-5.375887507364148,0.47273249781980264,0.0017703560558586747,0.0035344548681373834,0.998224595939338,0.6162790697674418
WHP,2014,2018,4,-0.7335989120979862,0.747703001132445,0.06920000122261238,0.1294425760259696,0.9042009889403991,0.8004926108374385
WHP,2014,2019,5,-3.901780162068197,0.8078297219315993,0.002435418147618204,0.004859002592144176,0.9975214084203253,0.8773333333333334
WHP,2014,2021,7,1.432257723049323,1.2213253356347458,0.10942000977670653,0.19725623985947313,0.4883030920740356,0.8778225189866965
WHP,2014,2022,8,-0.5827324011613554,1.105106098235701,0.06781261549634256,0.12701220141479933,0.9010339605103835,0.8227592182535862
WHP,2014,2023,9,2.3918466107729404,0.8622427864236901,0.07154927414027616,0.13354360059210804,0.20316766794101587,0.9271212084055533
WHP,2015,2016,1,-2.1447359872548053,0.5276157400153971,0.008296787206538439,0.01645703390471864,0.9908079323641608,0.9215017064846416
WHP,2015,2017,2,-1.1356130224755245,0.7562584241543558,0.005587581897585547,0.01111306861415601,0.9926585671670345,0.9771455223880596
WHP,2015,2018,3,3.506675572790637,1.3063212359689613,0.004935940142608079,0.009823392607309142,0.8313458262350937,0.9949409701458009
WHP,2015,2019,4,0.3384943228204264,1.1932419284484843,0.0037259493309540546,0.007424236333508428,0.9910803970557832,0.9936417250276446
WHP,2015,2021,6,5.672532207937946,1.499548890903447,0.001331790995273397,0.0026600393740613465,0.6119402985074627,0.9986654061816029
WHP,2015,2022,7,3.657542083727268,1.3554801978240367,0.004345189893400998,0.008652781806745521,0.8279569892473118,0.9955620062139456
WHP,2015,2023,8,6.632121095661564,0.7703952138075757,9.623491156438267e-4,0.001922847780426642,0.2692307692307693,0.9990373095627753
WHP,2016,2017,1,1.0091229647792808,0.9037351299982962,0.0017585810626511433,0.0035109877687010496,0.9934288456813549,0.9976045609160159
WHP,2016,2018,2,5.651411560045442,1.3903467294827607,3.604507844507968e-4,7.206418129947916e-4,0.8970588235294117,0.999638413446468
WHP,2016,2019,3,2.483230310075232,1.2898166705447223,7.234442402630682e-4,0.001445842494101451,0.990616553945346,0.9992167342425359
WHP,2016,2021,5,7.817268195192751,1.5238594047538243,2.876242871111638e-4,5.750831663365804e-4,0.2857142857142857,0.999712342617989
WHP,2016,2022,6,5.802278070982073,1.4437198820349497,2.2097584437242104e-4,4.418540496731262e-4,0.9266405487859559,0.9997784056284971
WHP,2016,2023,7,8.776857082916369,0.977348957985744,1.0283615027156532e-4,2.0565115217034252e-4,0.3333333333333333,0.9998971585618196
WHP,2017,2018,1,4.6422885952661614,0.6589763261473084,0.002289617371743056,0.004568773999170044,0.7606382978723405,0.9976936015145794
WHP,2017,2019,2,1.474107345295951,0.5449302239046505,0.0028573740390704845,0.005698465430956015,0.984707781408603,0.9964983413195725
WHP,2017,2021,4,6.808145230413471,1.0466173547429753,5.257624405759947e-4,0.0010509723193803742,0.5238095238095238,0.9994739333147092
WHP,2017,2022,5,4.793155106202793,0.8999076778197044,0.002044927813639123,0.0040815092355209045,0.7516778523489933,0.9979423351343373
WHP,2017,2023,6,7.7677341181370885,0.5174042623003512,3.1734470488785555e-4,6.344880583500791e-4,0.25000000000000006,0.9996826217223401
WHP,2018,2019,1,-3.168181249970211,0.3852805238146465,0.006908217270363171,0.013721642453352344,0.99285047499443,0.8300970873786407
WHP,2018,2021,3,2.165856635147309,0.6058720664836443,0.06326609780955697,0.1190033199401203,0.421520675855936,0.933676374878843
WHP,2018,2022,4,0.15086651093663087,0.4652723231562344,0.1403428550697493,0.24614150813645463,0.7338174753741582,0.7710930142374385
WHP,2018,2023,5,3.1254455228709266,0.6689183109524147,0.026581027110626928,0.051785541342880256,0.3845278725824801,0.9729700871179777
WHP,2019,2021,2,5.33403788511752,0.6422005486948612,0.0014834758318931157,0.0029625567823989315,0.6914893617021277,0.9985115751076551
WHP,2019,2022,3,3.3190477609068414,0.5440594349138076,0.005214768476434652,0.010375431479858728,0.8514548238897397,0.9946245549676517
WHP,2019,2023,4,6.2936267728411375,0.5766528570723388,0.0010480530403444246,0.0020939115503223215,0.4324324324324324,0.9989511094031001
WHP,2021,2022,1,-2.0149901242106782,0.25156739248172205,0.07844865377862394,0.1454842629804558,0.9175597624218164,0.38164435946462716
WHP,2021,2023,2,0.9595888877236176,0.7724688410543746,0.1839859628174069,0.31079078400489624,0.4389258245339591,0.7850803517635268
WHP,2022,2023,1,2.974579011934296,0.6047733205093054,0.035800166184536714,0.06912562355808428,0.2886497064579256,0.9636721024440141
